titulo,ubicacion,precio_valor,precio_moneda,dorms,banos,baños,superficie_m2,imagen_url,fuente,url
Proyecto De Diseño En Palermo. Apartamentos Monoambiente Y 1 Dormitorio A Estrenar O Con Renta. Azoteas Y Parrilleros De Uso Exclusivo,"Isla De Flores 1608, Montevideo, Palermo, Montevideo",87000,US$,1,1,1,26,https://http2.mlstatic.com/D_NQ_NP_2X_811694-MLU92776210864_092025-E.webp,MercadoLibre,https://apartamento.mercadolibre.com.uy/MLU-875514122-proyecto-de-diseno-en-palermo-apartamentos-monoambiente-y-1-dormitorio-a-estrenar-o-con-renta-azoteas-y-parrilleros-de-uso-exclusivo-_JM
"Casas Con Piscina Climatizada, Cerramiento En Policarbonato.","Lantana, Neptunia Departamento De Canelones, Uruguay, Neptunia, Canelones",1,$,4,2,2,200,https://http2.mlstatic.com/D_NQ_NP_2X_986597-MLU76696575877_052024-E.webp,MercadoLibre,https://casa.mercadolibre.com.uy/MLU-915799124-casas-con-piscina-climatizada-cerramiento-en-policarbonato-_JM
"Habitación, Residencia, Pensión, Alojamiento, Hogar, Cuartos","MERCEDES 1845, Centro, Montevideo",13500,$,N/A,5,5,300,https://http2.mlstatic.com/D_NQ_NP_2X_852595-MLU74294734819_012024-E.webp,MercadoLibre,https://inmueble.mercadolibre.com.uy/MLU-935676668-habitacion-residencia-pension-alojamiento-hogar-cuartos-_JM
Alquiler De Apartamento Tipo Duplex Dos Dormitorios En Calle La Paz. Cordón. Villa Muñoz,"La Paz 2016, Montevideo, Cordón, Montevideo",27000,$,2,2,2,48,https://http2.mlstatic.com/D_NQ_NP_2X_772098-MLU92978727843_092025-E.webp,MercadoLibre,https://apartamento.mercadolibre.com.uy/MLU-907475640-alquiler-de-apartamento-tipo-duplex-dos-dormitorios-en-calle-la-paz-cordon-villa-munoz-_JM
"Alquilo Casas, En El Chuy,  En La Barra (alvorada)a 3 Cuadras De La Playa","Barra Del Chuy Rocha Department, Uruguay, Barra Del Chuy, Rocha",800,$,2,1,1,300,https://http2.mlstatic.com/D_NQ_NP_2X_755466-MLU51801315414_102022-E.webp,MercadoLibre,https://casa.mercadolibre.com.uy/MLU-852966262-alquilo-casas-en-el-chuy-en-la-barra-alvoradaa-3-cuadras-de-la-playa-_JM
Alquilo Muy Lindo Apto De 1dorm Y Patio Próx Al Mam,"Montevideo, Villa Muñoz",19900,$,1,1,1,45,https://http2.mlstatic.com/D_NQ_NP_2X_600040-MLU96639789666_112025-E.webp,MercadoLibre,https://apartamento.mercadolibre.com.uy/MLU-889592932-alquilo-muy-lindo-apto-de-1dorm-y-patio-prox-al-mam-_JM
Casa Piriapolis Frente Al Mar,"Rambla De Los Argentinos 4600, Piriápolis, Maldonado",2000,$,2,1,1,300,https://http2.mlstatic.com/D_NQ_NP_2X_819257-MLU47035994300_082021-E.webp,MercadoLibre,https://casa.mercadolibre.com.uy/MLU-853041012-casa-piriapolis-frente-al-mar-_JM
Casa En Alquiler Temporal En Cuchilla Alta Canelones. Familiar .max 5 Personas. No Disponible En Fiestas. Leer Descripción,"Calle 23 21, Cuchilla Alta, Canelones",1800,$,2,1,1,60,https://http2.mlstatic.com/D_NQ_NP_2X_633204-MLU51842925320_102022-E.webp,MercadoLibre,https://casa.mercadolibre.com.uy/MLU-852465200-casa-en-alquiler-temporal-en-cuchilla-alta-canelones-familiar-max-5-personas-no-disponible-en-fiestas-leer-descripcion-_JM
Peñarol !!!! Se Alquila Muy Linda Y Cómoda Propiedad !!!,"PEÑAROL BIEN UBICADA 0000, Peñarol, Montevideo",15900,$,2,1,1,45,https://http2.mlstatic.com/D_NQ_NP_2X_624675-MLU90971183036_082025-E.webp,MercadoLibre,https://casa.mercadolibre.com.uy/MLU-907586064-penarol-se-alquila-muy-linda-y-comoda-propiedad--_JM
"Residencia , Alojamiento , Cuartos , Habitaciones , Parque Rodo,estudiantes, Coliving, Excelente Ubicacion , Todas Las Facultades Cerca , Oportunidad , Vacantes Limitadas , Lugar Unico","Bv. España 2293, 11200 Montevideo, Departamento De Montevideo, Uruguay, Parque Rodó, Montevideo",10000,$,N/A,7,7,300,https://http2.mlstatic.com/D_NQ_NP_2X_995969-MLU82529802886_032025-E.webp,MercadoLibre,https://inmueble.mercadolibre.com.uy/MLU-922133656-residencia-alojamiento-cuartos-habitaciones-parque-rodoestudiantes-coliving-excelente-ubicacion-todas-las-facultades-cerca-oportunidad-vacantes-limitadas-lugar-unico-_JM
Habitacion Individual Residencia Pensión Alojamiento Para Chicas Que Estudian O Trabajan Montevideo,"Lima Y Justicia SN, Tres Cruces, Montevideo",12000,$,N/A,3,3,100,https://http2.mlstatic.com/D_NQ_NP_2X_897752-MLU42677648923_072020-E.webp,MercadoLibre,https://inmueble.mercadolibre.com.uy/MLU-907491706-habitacion-individual-residencia-pension-alojamiento-para-chicas-que-estudian-o-trabajan-montevideo-_JM
Piriapolis; Cabaña Dos Dormitorios; Piscina Climatizada,"Calle 12 Entre La 8 Y La 9 Ente Parada 15 Y 14 La Tijereta, Playa Hermosa, Maldonado",75,US$,2,1,1,250,https://http2.mlstatic.com/D_NQ_NP_2X_904503-MLU46765418372_072021-E.webp,MercadoLibre,https://casa.mercadolibre.com.uy/MLU-912836432-piriapolis-cabana-dos-dormitorios-piscina-climatizada-_JM
Alquiler Apartamento Buceo - 1 Dormitorio Amplio Y Muy Soleado.- Jose Btalle Y Ordoñez Y Neyra,"Bv. José Batlle Y Ordóñez 2142, 11400 Montevideo, Departamento De Montevideo, Uruguay, Buceo, Montevideo",21900,$,1,1,1,45,https://http2.mlstatic.com/D_NQ_NP_2X_943088-MLU85009109112_052025-E.webp,MercadoLibre,https://apartamento.mercadolibre.com.uy/MLU-910074032-alquiler-apartamento-buceo-1-dormitorio-amplio-y-muy-soleado-jose-btalle-y-ordonez-y-neyra-_JM
Chacra B Solis. Sausalito Disponible Todo El Año.,"Burgueño 1, Solís, Maldonado",300,US$,5,3,3,470,https://http2.mlstatic.com/D_NQ_NP_2X_10603-MLU20031781335_012014-E.webp,MercadoLibre,https://casa.mercadolibre.com.uy/MLU-868232724-chacra-b-solis-sausalito-disponible-todo-el-ano-_JM
Disfruta De La Tranquilidad En Punta Colorada,"56 SN, P. Coloradas, Maldonado",250,US$,2,2,2,78,https://http2.mlstatic.com/D_NQ_NP_2X_812131-MLU77797964968_072024-E.webp,MercadoLibre,https://casa.mercadolibre.com.uy/MLU-907489790-disfruta-de-la-tranquilidad-en-punta-colorada-_JM
Amplia Habitación Individual Con Baño Privado,"Av. 18 De Julio 1290, Montevideo, Centro, Montevideo",21000,$,N/A,2,2,20,https://http2.mlstatic.com/D_NQ_NP_2X_632401-MLU83968143566_052025-E.webp,MercadoLibre,https://inmueble.mercadolibre.com.uy/MLU-922313756-amplia-habitacion-individual-con-bano-privado-_JM
La Paloma . Frente Al Mar . Cabañas De Cara Al Sol,"FRENTE AL MAR LA AGUADA 2000, La Paloma, Rocha",3800,$,2,1,1,70,https://http2.mlstatic.com/D_NQ_NP_2X_713-MLU4711811449_072013-E.webp,MercadoLibre,https://casa.mercadolibre.com.uy/MLU-907483244-la-paloma-frente-al-mar-cabanas-de-cara-al-sol-_JM
Casa En Alquiler Temporada En Barra De Chuí Brasil,"Barra Brasileña  Calle 9 Esq 12 366, Barra Del Chuy, Rocha",2600,$,2,1,1,300,https://http2.mlstatic.com/D_NQ_NP_2X_825661-MLU47533715898_092021-E.webp,MercadoLibre,https://casa.mercadolibre.com.uy/MLU-875605584-casa-en-alquiler-temporada-en-barra-de-chui-brasil-_JM
San Francisco - Punta Colorada - Piriapolis -  51 Mts Del Mar - Estufa A Leña Consulte Por Wsp Por Otra Casa Mas,"Calle 1, Punta Colorada Departamento De Maldonado, Uruguay, San Francisco, Maldonado",1,US$,3,2,2,150,https://http2.mlstatic.com/D_NQ_NP_2X_699871-MLU69786392012_062023-E.webp,MercadoLibre,https://casa.mercadolibre.com.uy/MLU-935722160-san-francisco-punta-colorada-piriapolis-51-mts-del-mar-estufa-a-lena-consulte-por-wsp-por-otra-casa-mas-_JM
Termas De Guaviyú. Casa California,"Zona Residencial 14, Termas De Guaviyu, Paysandú",4600,$,3,2,2,250,https://http2.mlstatic.com/D_NQ_NP_2X_670605-MLU25027899375_082016-E.webp,MercadoLibre,https://casa.mercadolibre.com.uy/MLU-889083726-termas-de-guaviyu-casa-california-_JM
Casa Con Pileta 3 Dormitorios 2 Baños,"34H6+5C Punta Del Este, Maldonado Department, Uruguay, Rincón Del Indio, Punta Del Este, Maldonado",160,US$,3,2,2,250,https://http2.mlstatic.com/D_NQ_NP_2X_958513-MLU40516469398_012020-E.webp,MercadoLibre,https://casa.mercadolibre.com.uy/MLU-653773117-casa-con-pileta-3-dormitorios-2-banos-_JM
Comodo Monoambiente Totalmente Equipado En Pocitos  A Mts Del Mar,"Manuel Vicente Pagola 3210, Montevideo Departamento De Montevideo, Uruguay, Pocitos, Montevideo",37,US$,1,1,1,30,https://http2.mlstatic.com/D_NQ_NP_2X_721735-MLU50199168529_062022-E.webp,MercadoLibre,https://apartamento.mercadolibre.com.uy/MLU-887533656-comodo-monoambiente-totalmente-equipado-en-pocitos-a-mts-del-mar-_JM
Alquiler Chacra Casa De Campo. Con Piscina Y Yacuzzi Climat,"Ruta 39 SN, Partido Norte, Maldonado",250,US$,2,3,3,260,https://http2.mlstatic.com/D_NQ_NP_2X_605646-MLU85293502330_062025-E.webp,MercadoLibre,https://inmueble.mercadolibre.com.uy/MLU-852934000-alquiler-chacra-casa-de-campo-con-piscina-y-yacuzzi-climat-_JM
Rambla Frente Al Mar Oferta 5000 Pesos El Fin De Semana Desde Viernes De Tarde A Domingo De Tarde,"Rbla. De Los Argentinos 4566, 20200 Piriápolis, Departamento De Maldonado, Uruguay, Piriápolis, Maldonado",2500,$,2,1,1,75,https://http2.mlstatic.com/D_NQ_NP_2X_890529-MLU79692084572_102024-E.webp,MercadoLibre,https://casa.mercadolibre.com.uy/MLU-700723584-rambla-frente-al-mar-oferta-5000-pesos-el-fin-de-semana-desde-viernes-de-tarde-a-domingo-de-tarde-_JM
Cabañas Con Piscina  Costa Azul Bello Horizonte Canelones,"Calle 25 00, Bello Horizonte, Canelones",2700,$,1,1,1,45,https://http2.mlstatic.com/D_NQ_NP_2X_766008-MLU32679712865_102019-E.webp,MercadoLibre,https://casa.mercadolibre.com.uy/MLU-889266874-cabanas-con-piscina-costa-azul-bello-horizonte-canelones-_JM
Casa Con Piscina Climatizada Y Sala De Juegos Barra Del Chuy,"Los Ceibos Esq. Av. Gral. Artigas  SN, Barra Del Chuy, Rocha",100,US$,2,1,1,80,https://http2.mlstatic.com/D_NQ_NP_2X_949460-MLU81697329075_122024-E.webp,MercadoLibre,https://casa.mercadolibre.com.uy/MLU-907493456-casa-con-piscina-climatizada-y-sala-de-juegos-barra-del-chuy-_JM
Excelente Monoambiente Frente Al Hotel Enjoy Conrad Punta Del Este,"BUS 0155, Av Chiverta, 20100 Punta Del Este, Departamento De Maldonado, Uruguay, Punta Del Este, Maldonado",80,US$,1,1,1,42,https://http2.mlstatic.com/D_NQ_NP_2X_637799-MLU25954944085_092017-E.webp,MercadoLibre,https://apartamento.mercadolibre.com.uy/MLU-852921628-excelente-monoambiente-frente-al-hotel-enjoy-conrad-punta-del-este-_JM
"Penthouse Duplex, Peninsula, 3d,2b, 1ra Fila,barbacoa,garaje,muca,terrazas, Piscina.","23M4+PQP, Rbla. Gral. Artigas, 20100 Punta Del Este, Departamento De Maldonado, Uruguay, Península, Punta Del Este, Maldonado",70,US$,3,2,2,70,https://http2.mlstatic.com/D_NQ_NP_2X_763540-MLU73684442814_012024-E.webp,MercadoLibre,https://apartamento.mercadolibre.com.uy/MLU-880986204-penthouse-duplex-peninsula-3d2b-1ra-filabarbacoagarajemucaterrazas-piscina-_JM
"Casa Céntrica 4 Cuadras De Playa Mansa, Alquiler Atlantida","Avenida Artigas Y Calle 26 1010, Atlántida, Canelones",2000,$,1,1,1,50,https://http2.mlstatic.com/D_NQ_NP_2X_22024-MLU20222435414_012015-E.webp,MercadoLibre,https://casa.mercadolibre.com.uy/MLU-826947980-casa-centrica-4-cuadras-de-playa-mansa-alquiler-atlantida-_JM
"Casa De Muy Buena Construcción, A 4 Cuadras De La Playa. En P 39 De Pinares, 5 Dormitorios, Desde Usd 160","Ofiuco 22, 20000 Maldonado, Departamento De Maldonado, Uruguay, Pinares, Maldonado",160,US$,5,3,3,256,https://http2.mlstatic.com/D_NQ_NP_2X_760497-MLU79720061178_102024-E.webp,MercadoLibre,https://casa.mercadolibre.com.uy/MLU-887630208-casa-de-muy-buena-construccion-a-4-cuadras-de-la-playa-en-p-39-de-pinares-5-dormitorios-desde-usd-160-_JM
Alquiler Casa Punta Gorda,"Av San Marino 1411, Montevideo, Punta Gorda, Montevideo",45000,$,3,2,2,200,https://http2.mlstatic.com/D_NQ_NP_2X_789037-MLU97008669838_112025-E.webp,MercadoLibre,https://casa.mercadolibre.com.uy/MLU-915925566-alquiler-casa-punta-gorda-_JM
Verano 2026!!! Casa Para 4. P A Solo 50mts De La Rambla,"Calle 3 11, Santa Lucía Del Este, Canelones",2800,$,2,1,1,50,https://http2.mlstatic.com/D_NQ_NP_2X_675047-MLU80842480071_112024-E.webp,MercadoLibre,https://casa.mercadolibre.com.uy/MLU-887609228-verano-2026-casa-para-4-p-a-solo-50mts-de-la-rambla-_JM
Playa Verde-proa Al Mar Parada 13 Y Maldonado,"Parada 13 Y Maldonado 13, Playa Verde, Maldonado",100,US$,3,2,2,120,https://http2.mlstatic.com/D_NQ_NP_2X_942748-MLU29157320898_012019-E.webp,MercadoLibre,https://casa.mercadolibre.com.uy/MLU-853026894-playa-verde-proa-al-mar-parada-13-y-maldonado-_JM
"Punta Del Diablo, Frente Al Mar La  Mejor Vista Y Ubicacion , Invierno Promos","XF46+366, 27204 Punta Del Diablo, Rocha Department, Uruguay, Punta Del Diablo, Rocha",1,$,1,1,1,50,https://http2.mlstatic.com/D_NQ_NP_2X_973226-MLU69307361605_052023-E.webp,MercadoLibre,https://casa.mercadolibre.com.uy/MLU-816505914-punta-del-diablo-frente-al-mar-la-mejor-vista-y-ubicacion-invierno-promos-_JM
"Alquilo Casa En Piriapolis, Playa Hermosa.","Calle 23 Playa Grande 23, Piriápolis, Maldonado",1500,$,1,1,1,25,https://http2.mlstatic.com/D_NQ_NP_2X_933164-MLU42041983115_062020-E.webp,MercadoLibre,https://casa.mercadolibre.com.uy/MLU-898470760-alquilo-casa-en-piriapolis-playa-hermosa-_JM
Domos Del Plata Geodesicos Los Pinos Minas Lavalleja,"HP35+34 Minas, Lavalleja Department, Uruguay, Minas, Lavalleja",170,US$,1,1,1,150,https://http2.mlstatic.com/D_NQ_NP_2X_983620-MLU73243160540_122023-E.webp,MercadoLibre,https://inmueble.mercadolibre.com.uy/MLU-853079086-domos-del-plata-geodesicos-los-pinos-minas-lavalleja-_JM
"Casa Ceibo Termas Dayman,salto 0","Ceibo SN, Termas Del Dayman, Salto",2200,$,1,1,1,40,https://http2.mlstatic.com/D_NQ_NP_2X_961709-MLU76249746689_052024-E.webp,MercadoLibre,https://casa.mercadolibre.com.uy/MLU-853065736-casa-ceibo-termas-daymansalto-0-_JM
Apartamento De Un Dormitori  Para 3 O 4 Personas. Baja Tempo,"Argentina Casi España 0, Costa Azul, Canelones",1500,$,2,1,1,50,https://http2.mlstatic.com/D_NQ_NP_2X_602138-MLU46926941578_072021-E.webp,MercadoLibre,https://casa.mercadolibre.com.uy/MLU-935803520-apartamento-de-un-dormitori-para-3-o-4-personas-baja-tempo-_JM
Peco En Punta Del Diablo,"Punta Del Diablo - Sur, Punta Del Diablo, Rocha",130,US$,3,2,2,11,https://http2.mlstatic.com/D_NQ_NP_2X_616403-MLU54085862583_032023-E.webp,MercadoLibre,https://casa.mercadolibre.com.uy/MLU-455072317-peco-en-punta-del-diablo-_JM
Se Alquila Apartamento De Tres Dormitorios Y Cochera En Buceo,"Taruman, Montevideo, Buceo, Montevideo",31000,$,3,1,1,59,https://http2.mlstatic.com/D_NQ_NP_2X_676780-MLU95290099750_102025-E.webp,MercadoLibre,https://apartamento.mercadolibre.com.uy/MLU-907541104-se-alquila-apartamento-de-tres-dormitorios-y-cochera-en-buceo-_JM
Casa Para Alquiler Temporal,"Punta Del Diablo SN, Punta Del Diablo, Rocha",2000,$,2,1,1,40,https://http2.mlstatic.com/D_NQ_NP_2X_620537-MLU52957203834_122022-E.webp,MercadoLibre,https://casa.mercadolibre.com.uy/MLU-653441113-casa-para-alquiler-temporal-_JM
Mate Amargo ¨tiny House¨ En Punta Del Diablo,"Punta Del Diablo - Playa De La Viuda, Punta Del Diablo, Rocha",33,US$,1,1,1,27,https://http2.mlstatic.com/D_NQ_NP_2X_871397-MLU96698960498_112025-E.webp,MercadoLibre,https://casa.mercadolibre.com.uy/MLU-465517937-mate-amargo-tiny-house-en-punta-del-diablo-_JM
Atlantida A Media Cuadra De La Playa Y A Tres Cuadras Del Centro,"República Del Paraguay 42, 15200 Atlántida, Departamento De Canelones, Uruguay, Atlántida, Canelones",60,US$,1,1,1,50,https://http2.mlstatic.com/D_NQ_NP_2X_699053-MLU79706286287_102024-E.webp,MercadoLibre,https://casa.mercadolibre.com.uy/MLU-853030160-atlantida-a-media-cuadra-de-la-playa-y-a-tres-cuadras-del-centro-_JM
Casa Domo En La Playa Del Pinar- Naturaleza- Mensual/anual,"Gaboto Y Colón  SN, El Pinar, Canelones",60000,$,2,1,1,200,https://http2.mlstatic.com/D_NQ_NP_2X_998950-MLU93572930281_092025-E.webp,MercadoLibre,https://casa.mercadolibre.com.uy/MLU-853043694-casa-domo-en-la-playa-del-pinar-naturaleza-mensualanual-_JM
Apartamento Alquiler Temporario Centro Montevideo,"Julio Herrera Y Obes 1128, Barrio Sur, Montevideo",28,US$,1,1,1,32,https://http2.mlstatic.com/D_NQ_NP_2X_896146-MLU50037779028_052022-E.webp,MercadoLibre,https://apartamento.mercadolibre.com.uy/MLU-907557072-apartamento-alquiler-temporario-centro-montevideo-_JM
Hermosa Casa En Punta Del Diablo Con Amplia Vista Al Mar,"Simon Bolivar 4545, Punta Del Diablo, Rocha",1,US$,2,1,1,100,https://http2.mlstatic.com/D_NQ_NP_2X_996811-MLU20637188522_032016-E.webp,MercadoLibre,https://casa.mercadolibre.com.uy/MLU-907535224-hermosa-casa-en-punta-del-diablo-con-amplia-vista-al-mar-_JM
Alquiler De Casa En Punta Rubia,"Rocha, Punta Rubia",100,US$,2,1,1,64,https://http2.mlstatic.com/D_NQ_NP_2X_922141-MLU76897340097_062024-E.webp,MercadoLibre,https://casa.mercadolibre.com.uy/MLU-710970518-alquiler-de-casa-en-punta-rubia-_JM
Alquiler Temporada Alta Y Baja Cómoda Casa Playa Punta Negra,"Panama Esquina Ecuador SN, Punta Negra, Maldonado",110,US$,2,1,1,72,https://http2.mlstatic.com/D_NQ_NP_2X_736159-MLU52526356668_112022-E.webp,MercadoLibre,https://casa.mercadolibre.com.uy/MLU-863294402-alquiler-temporada-alta-y-baja-comoda-casa-playa-punta-negra-_JM
Alquiler Apartamento Monoambiente En Punta Carretas Con Terraza,"Av. Sarmiento Y Franzini, Punta Carretas, Montevideo",23900,$,1,1,1,28,https://http2.mlstatic.com/D_NQ_NP_2X_947572-MLU92453953878_092025-E.webp,MercadoLibre,https://apartamento.mercadolibre.com.uy/MLU-873238974-alquiler-apartamento-monoambiente-en-punta-carretas-con-terraza-_JM
Apartamento Alquiler Tres Cruces,"Acevedo Díaz 1665, 11200 Montevideo, Departamento De Montevideo, Uruguay, Tres Cruces, Montevideo",22800,$,N/A,1,1,27,https://http2.mlstatic.com/D_NQ_NP_2X_720835-MLU95210403673_102025-E.webp,MercadoLibre,https://apartamento.mercadolibre.com.uy/MLU-898356606-apartamento-alquiler-tres-cruces-_JM
"Apt. Totalmente Remodelado, Cercanias De Avd Gral.flores, Facultad Medicina, Quimica, Mam, Zona Mayorista, Exlocomoción, Todos Los Servicios","Dr. Domingo Aramburu 1500 - 1800, Montevideo, Goes, Montevideo",28000,$,2,1,1,65,https://http2.mlstatic.com/D_NQ_NP_2X_614130-MLU85731754520_062025-E.webp,MercadoLibre,https://apartamento.mercadolibre.com.uy/MLU-653558237-apt-totalmente-remodelado-cercanias-de-avd-gralflores-facultad-medicina-quimica-mam-zona-mayorista-exlocomocion-todos-los-servicios-_JM
"Alquiler 1 Dormitorio A Estrenar + Balcón - Tres Cruces, Ventura Go","Acevedo Díaz Esq, 11200 Montevideo, Departamento De Montevideo, Uruguay, Tres Cruces, Montevideo",28600,$,1,1,1,46,https://http2.mlstatic.com/D_NQ_NP_2X_891991-MLU91624390488_092025-E.webp,MercadoLibre,https://apartamento.mercadolibre.com.uy/MLU-853106756-alquiler-1-dormitorio-a-estrenar-balcon-tres-cruces-ventura-go-_JM
Alquiler Apartamento Un Dormitorio Maroñas,"Alférez Real 2571, Montevideo, Maroñas, Montevideo",12000,$,1,1,1,25,https://http2.mlstatic.com/D_NQ_NP_2X_744145-MLU95935513803_102025-E.webp,MercadoLibre,https://apartamento.mercadolibre.com.uy/MLU-907402496-alquiler-apartamento-un-dormitorio-maronas-_JM
"Habitaciones, Cuartos, Alojamiento, Residencia, Pension, Piezas, Hogar, Vista Al Mar","Río Negro 1093, Montevideo Departamento De Montevideo, Uruguay, Barrio Sur, Montevideo",8900,$,N/A,7,7,750,https://http2.mlstatic.com/D_NQ_NP_2X_649607-MLU69666099586_052023-E.webp,MercadoLibre,https://inmueble.mercadolibre.com.uy/MLU-894143758-habitaciones-cuartos-alojamiento-residencia-pension-piezas-hogar-vista-al-mar-_JM
Impecable!!! Dupléx 2 Dormitorios. Dueño Alquila,"Igualdad 1109, Montevideo, Aires Puros, Montevideo",22000,$,2,1,1,40,https://http2.mlstatic.com/D_NQ_NP_2X_636673-MLU96948547207_112025-E.webp,MercadoLibre,https://apartamento.mercadolibre.com.uy/MLU-913943986-impecable-duplex-2-dormitorios-dueno-alquila-_JM
Se Alquila Oficina Ciudad Vieja,"Zabala 1379, Ciudad Vieja, Montevideo",8500,$,N/A,1,1,25,https://http2.mlstatic.com/D_NQ_NP_2X_646413-MLU87795163810_072025-E.webp,MercadoLibre,https://inmueble.mercadolibre.com.uy/MLU-653584357-se-alquila-oficina-ciudad-vieja-_JM
Casa Tristan- Residencia Estudiantil En Centro De Motevideo,"Dr. Tristán Narvaja 1632, Montevideo, Cordón, Montevideo",10000,$,N/A,N/A,N/A,20,https://http2.mlstatic.com/D_NQ_NP_2X_940756-MLU83648926519_042025-E.webp,MercadoLibre,https://inmueble.mercadolibre.com.uy/MLU-898328096-casa-tristan-residencia-estudiantil-en-centro-de-motevideo-_JM
"Apartamento De 1 Dormitorio Equipado + Garage - Ventura Boulevard, Buceo","Bv. José Batlle Y Ordóñez 2427, Montevideo, Buceo, Montevideo",37000,$,1,1,1,36,https://http2.mlstatic.com/D_NQ_NP_2X_682192-MLU92972696598_092025-E.webp,MercadoLibre,https://apartamento.mercadolibre.com.uy/MLU-876726622-apartamento-de-1-dormitorio-equipado-garage-ventura-boulevard-buceo-_JM
Apartamento En Alquiler En Av. Brasil Con Amenities,"Av. Brasil, Montevideo, Pocitos, Montevideo",34000,$,1,1,1,41,https://http2.mlstatic.com/D_NQ_NP_2X_823179-MLU93858290583_092025-E.webp,MercadoLibre,https://apartamento.mercadolibre.com.uy/MLU-880936984-apartamento-en-alquiler-en-av-brasil-con-amenities-_JM
"Alquiler Apartamento Sin Gastos Comunes, Reciclado.","Gral. Felipe Fraga 2198, 11800 Montevideo, Departamento De Montevideo, Uruguay, Aguada, Montevideo",33300,$,2,1,1,62,https://http2.mlstatic.com/D_NQ_NP_2X_655958-MLU94795920492_102025-E.webp,MercadoLibre,https://apartamento.mercadolibre.com.uy/MLU-898382954-alquiler-apartamento-sin-gastos-comunes-reciclado-_JM
Alquiler 1 Dormitorio + Balcón + Garage - La Blanqueada,"Av. Luis Alberto De Herrera 2592, 11600 Montevideo, Departamento De Montevideo, Uruguay, La Blanqueada, Montevideo",30500,$,1,1,1,37,https://http2.mlstatic.com/D_NQ_NP_2X_762497-MLU91035091274_092025-E.webp,MercadoLibre,https://apartamento.mercadolibre.com.uy/MLU-848770344-alquiler-1-dormitorio-balcon-garage-la-blanqueada-_JM
Casa En San Gregorio De Polanco,"Gral. Jose Gervasio Artigas 55, San Gregorio De Polanco, San Gregorio De Polanco, Tacuarembó",2400,$,2,1,1,220,https://http2.mlstatic.com/D_NQ_NP_2X_700716-MLU81195574857_122024-E.webp,MercadoLibre,https://casa.mercadolibre.com.uy/MLU-889273396-casa-en-san-gregorio-de-polanco-_JM
"Dueño Alquila Ventura Carrasco Tower, A Estrenar! Divina Esquina Norte De 3 Dormitorios, 2 Baños Y Dos Garages.","Faros De Carrasco, Av. De Las Américas 7775, Montevideo, Parque Miramar, Canelones",65000,$,3,2,2,89,https://http2.mlstatic.com/D_NQ_NP_2X_873767-MLU96042000256_102025-E.webp,MercadoLibre,https://apartamento.mercadolibre.com.uy/MLU-922325642-dueno-alquila-ventura-carrasco-tower-a-estrenar-divina-esquina-norte-de-3-dormitorios-2-banos-y-dos-garages-_JM
Sin Garantía.malvin A Metros De La Playa,"Rio De La Plata 1394, Malvin, Montevideo",28000,$,1,1,1,30,https://http2.mlstatic.com/D_NQ_NP_2X_701739-MLU89231923969_082025-E.webp,MercadoLibre,https://apartamento.mercadolibre.com.uy/MLU-896092578-sin-garantiamalvin-a-metros-de-la-playa-_JM
"Casa Para 10 O Mas Personas, Familias Grandes O Grupos De Amigos","Blvr. Gral. Jose Gervasio Artigas, Punta Del Este, Cantegril, Punta Del Este, Maldonado",170,US$,5,4,4,1,https://http2.mlstatic.com/D_NQ_NP_2X_664119-MLU84269856039_052025-E.webp,MercadoLibre,https://casa.mercadolibre.com.uy/MLU-653798451-casa-para-10-o-mas-personas-familias-grandes-o-grupos-de-amigos-_JM
Dueño Alquila: ¡apartamento Con Patio Ideal Para Familias En Pocitos Con Vista A La Rambla! Con 2 Garages,"Federico N. Abadie, Montevideo, Pocitos, Montevideo",2100,US$,5,3,3,180,https://http2.mlstatic.com/D_NQ_NP_2X_982310-MLU97333937095_112025-E.webp,MercadoLibre,https://apartamento.mercadolibre.com.uy/MLU-896065632-dueno-alquila-apartamento-con-patio-ideal-para-familias-en-pocitos-con-vista-a-la-rambla-con-2-garages-_JM
Casa A Estrenar Estilo Americana 2 Dormitorios 2 Baños Barrio Privado,"Ruta Gral. Líber Seregni Km22.5, 15000 Ciudad De La Costa, Departamento De Canelones, Uruguay, Aeropuerto Internacional De Carrasco, Canelones",49000,$,2,2,2,100,https://http2.mlstatic.com/D_NQ_NP_2X_690387-MLU95627904888_102025-E.webp,MercadoLibre,https://casa.mercadolibre.com.uy/MLU-912996976-casa-a-estrenar-estilo-americana-2-dormitorios-2-banos-barrio-privado-_JM
Linda Casa En Montoya - Punta Del Este,"Punta Del Este, Maldonado",1600,US$,3,3,3,200,https://http2.mlstatic.com/D_NQ_NP_2X_765644-MLU93305344887_092025-E.webp,MercadoLibre,https://casa.mercadolibre.com.uy/MLU-876801426-linda-casa-en-montoya-punta-del-este-_JM
Alquiler De Apartamento Por Temporada En Punta Del Este,"Luxemburgo MARTINIANO CHIOSSI, Maldonado, Playa Mansa, Punta Del Este, Maldonado",200,US$,2,2,2,3,https://http2.mlstatic.com/D_NQ_NP_2X_932939-MLU94884142675_102025-E.webp,MercadoLibre,https://apartamento.mercadolibre.com.uy/MLU-653573571-alquiler-de-apartamento-por-temporada-en-punta-del-este-_JM
Residencia Estudiantil Femenina / Coliving Estudiantes / Renta De Habitaciones Para Estudiantes,"Simón Bolivar 1200 - 1500, Montevideo, Parque Batlle, Montevideo",10000,$,N/A,5,5,255,https://http2.mlstatic.com/D_NQ_NP_2X_686704-MLU88719136709_072025-E.webp,MercadoLibre,https://inmueble.mercadolibre.com.uy/MLU-889089234-residencia-estudiantil-femenina-coliving-estudiantes-renta-de-habitaciones-para-estudiantes-_JM
"Casa Para 10, 6 Y 4 Personas! Bajamos Los Precios!!! Balneario Artilleros A 1000 Metros Del Parque Acuatico!","Camino La Balsa, Calle 3, Artilleros, Colonia",2500,$,2,1,1,45,https://http2.mlstatic.com/D_NQ_NP_2X_725355-MLU71827431200_092023-E.webp,MercadoLibre,https://casa.mercadolibre.com.uy/MLU-889102938-casa-para-10-6-y-4-personas-bajamos-los-precios-balneario-artilleros-a-1000-metros-del-parque-acuatico-_JM
Bajo De Precio!!!! Muy Lindo Apartamento A La Calle Con Balc,"Juan Ramón Gómez 2756, Montevideo, La Blanqueada, Montevideo",23200,$,1,1,1,55,https://http2.mlstatic.com/D_NQ_NP_2X_936879-MLU92442773273_092025-E.webp,MercadoLibre,https://apartamento.mercadolibre.com.uy/MLU-907557530-bajo-de-precio-muy-lindo-apartamento-a-la-calle-con-balc-_JM
Dueño. 18 De Julio Y Río Negro. Todo Al Frente. Entre Plaza Entrevero Y Cagancha. 6a Piso.,"Av. 18 De Julio 1071, 11100 Montevideo, Departamento De Montevideo, Uruguay, Centro, Montevideo",31000,$,2,1,1,66,https://http2.mlstatic.com/D_NQ_NP_2X_901227-MLU91400331281_092025-E.webp,MercadoLibre,https://apartamento.mercadolibre.com.uy/MLU-903036162-dueno-18-de-julio-y-rio-negro-todo-al-frente-entre-plaza-entrevero-y-cagancha-6a-piso-_JM
Alquilo Casa 2 Dormitorios Barra Del Chui Brasil .,"59 3000, 27100 Puimayen, Departamento De Rocha, Uruguay, Barra Del Chuy, Rocha",1500,$,2,1,1,65,https://http2.mlstatic.com/D_NQ_NP_2X_733550-MLU51788257709_102022-E.webp,MercadoLibre,https://casa.mercadolibre.com.uy/MLU-907553600-alquilo-casa-2-dormitorios-barra-del-chui-brasil--_JM
"Metalurgica, Distribuidora, Carpinteria, Carteleria, Deposito, Etc, Etc, Vealo !! Carga Y Descarga Dentro Del Local......r, Correa Esq Millan ,650 M2, Galpon 200 M2, Trif 30000 Wats, Entrada Camiones","Juan Rodríguez Correa 1438, Montevideo, Prado, Montevideo",55000,$,N/A,2,2,207,https://http2.mlstatic.com/D_NQ_NP_2X_975462-MLU92400320322_092025-E.webp,MercadoLibre,https://inmueble.mercadolibre.com.uy/MLU-896092840-metalurgica-distribuidora-carpinteria-carteleria-deposito-etc-etc-vealo-carga-y-descarga-dentro-del-localr-correa-esq-millan-650-m2-galpon-200-m2-trif-30000-wats-entrada-camiones-_JM
Alquilo  Casa En Rocha  A 2 Cuadras De La Playa,"1 Y 25 1044, Balneario La Esmeralda, Rocha",3000,$,2,1,1,300,https://http2.mlstatic.com/D_NQ_NP_2X_700414-MLU95627878684_102025-E.webp,MercadoLibre,https://casa.mercadolibre.com.uy/MLU-653580653-alquilo-casa-en-rocha-a-2-cuadras-de-la-playa-_JM
"Penthouse En El Corazón De Pocitos, Con Parrillero Y Garage","Miguel Barreiro 3210, Montevideo, Pocitos, Montevideo",65000,$,3,2,2,110,https://http2.mlstatic.com/D_NQ_NP_2X_908013-MLU95273833862_102025-E.webp,MercadoLibre,https://apartamento.mercadolibre.com.uy/MLU-907449490-penthouse-en-el-corazon-de-pocitos-con-parrillero-y-garage-_JM
Casa En Aquiler Malvin Estilo Colonial Sencilla Con Cochera Para 1 Auto,"Montevideo, Malvin",48000,$,3,1,1,120,https://http2.mlstatic.com/D_NQ_NP_2X_760117-MLU95845395429_102025-E.webp,MercadoLibre,https://casa.mercadolibre.com.uy/MLU-907440088-casa-en-aquiler-malvin-estilo-colonial-sencilla-con-cochera-para-1-auto-_JM
"Barrio Colón. Sobre Calle César Mayo Gutiérrez Casi Fernando Menk. Casa De Altos De Un Dorm, Amplio Living Comedor, Cocina Y Baño Impecables, Acceso A Azotea Utilizable Y Lugar Para Un Auto !!!!!","Cesar Mayo Gutierrez Y Fernando Mel, 12400 Montevideo, Departamento De Montevideo, Uruguay, Colón, Montevideo",19500,$,1,1,1,55,https://http2.mlstatic.com/D_NQ_NP_2X_839791-MLU92612486180_092025-E.webp,MercadoLibre,https://casa.mercadolibre.com.uy/MLU-907453332-barrio-colon-sobre-calle-cesar-mayo-gutierrez-casi-fernando-menk-casa-de-altos-de-un-dorm-amplio-living-comedor-cocina-y-bano-impecables-acceso-a-azotea-utilizable-y-lugar-para-un-auto--_JM
Residencia Femenina,"Hocquart 1, Montevideo, Aguada, Montevideo",9500,$,N/A,3,3,400,https://http2.mlstatic.com/D_NQ_NP_2X_762266-MLU82710471537_022025-E.webp,MercadoLibre,https://inmueble.mercadolibre.com.uy/MLU-889064138-residencia-femenina-_JM
Pocitos Alquiler Local Comercial Con Vidriera Y Deposito,"Galeria Del Edificio Torre De La Plaza, Gabriel Pereira 3111, Montevideo, Pocitos, Montevideo",58000,$,N/A,1,1,50,https://http2.mlstatic.com/D_NQ_NP_2X_833144-MLU92694766003_092025-E.webp,MercadoLibre,https://inmueble.mercadolibre.com.uy/MLU-868870488-pocitos-alquiler-local-comercial-con-vidriera-y-deposito-_JM
Julio Ma Sosa Esquina Maggiollo.- Frente Al Golf. Living Y Comedor. Estar Diario. Estufa A Lena Y Parrillero. Calefaccion Central Por Loza Radiante. 2 Garages Fijos. Contrato Dos Años  Admite Mascota.,"Av. Julio Maria Sosa, Montevideo, Punta Carretas, Montevideo",2400,US$,4,4,4,200,https://http2.mlstatic.com/D_NQ_NP_2X_798567-MLU94811598068_102025-E.webp,MercadoLibre,https://apartamento.mercadolibre.com.uy/MLU-902968720-julio-ma-sosa-esquina-maggiollo-frente-al-golf-living-y-comedor-estar-diario-estufa-a-lena-y-parrillero-calefaccion-central-por-loza-radiante-2-garages-fijos-contrato-dos-anos-admite-mascota-_JM
"Excelente Casa Al Frente En Barrio Los Bulevares. Vecindario Tranquilo. Próximo A Luis Batlle Berres Y La Uam. A Media Cuadra Líneas De Bus Y Cuadra Y Media De Super, Panadería Y Red De Cobranzas.","El Asentamiento 7574, Montevideo, Paso De La Arena, Montevideo",22000,$,2,1,1,70,https://http2.mlstatic.com/D_NQ_NP_2X_769764-MLU91882883021_092025-E.webp,MercadoLibre,https://casa.mercadolibre.com.uy/MLU-890055636-excelente-casa-al-frente-en-barrio-los-bulevares-vecindario-tranquilo-proximo-a-luis-batlle-berres-y-la-uam-a-media-cuadra-lineas-de-bus-y-cuadra-y-media-de-super-panaderia-y-red-de-cobranzas-_JM
"Residencia Estudiantil De Época, Excelente Ubicacion","Montevideo, Centro",10000,$,N/A,3,3,400,https://http2.mlstatic.com/D_NQ_NP_2X_693630-MLU83530021542_042025-E.webp,MercadoLibre,https://inmueble.mercadolibre.com.uy/MLU-898471270-residencia-estudiantil-de-epoca-excelente-ubicacion-_JM
Casa De Piedra Guazuvira,"Espinillos SN, Guazú-Virá, Canelones",3000,$,3,2,2,250,https://http2.mlstatic.com/D_NQ_NP_2X_692214-MLU88930981512_082025-E.webp,MercadoLibre,https://casa.mercadolibre.com.uy/MLU-896078644-casa-de-piedra-guazuvira-_JM
"Cabaña De Troncos, Temporada, Parrillero, Piscina Climatizad","67 7155, 20200 Bella Vista, Departamento De Maldonado, Uruguay, Bella Vista, Maldonado",120,US$,2,1,1,160,https://http2.mlstatic.com/D_NQ_NP_2X_970963-MLU52850711885_122022-E.webp,MercadoLibre,https://casa.mercadolibre.com.uy/MLU-903098702-cabana-de-troncos-temporada-parrillero-piscina-climatizad-_JM
"En Ciudad De La Costa Consultorios Y Oficinas Para Alquiler Por Hora, Semanal O  Mensual.","16 De Marzo De 1984, Ciudad De La Costa, Solymar, Ciudad De La Costa, Canelones",230,$,N/A,2,2,500,https://http2.mlstatic.com/D_NQ_NP_2X_735588-MLU91901626726_092025-E.webp,MercadoLibre,https://inmueble.mercadolibre.com.uy/MLU-898537372-en-ciudad-de-la-costa-consultorios-y-oficinas-para-alquiler-por-hora-semanal-o-mensual-_JM
"Se Alquila En Punta Del Este Por Temporada Hermoso Y Cómodo Apartamento Ubicado En El Complejo Arcobaleno, A Tres Cuadras De La Playa Mansa Parada 16.","BUS - (0441), Benito Fajardo, 20005 Maldonado, Departamento De Maldonado, Uruguay, Cantegril, Punta Del Este, Maldonado",12,US$,1,1,1,42,https://http2.mlstatic.com/D_NQ_NP_2X_751601-MLU94816627562_102025-E.webp,MercadoLibre,https://apartamento.mercadolibre.com.uy/MLU-903112168-se-alquila-en-punta-del-este-por-temporada-hermoso-y-comodo-apartamento-ubicado-en-el-complejo-arcobaleno-a-tres-cuadras-de-la-playa-mansa-parada-16-_JM
Se Alquila Duplex Nuevos Y Semi Nuevos  De 2 Dorm Con Lugar  P/ Auto Y Patio Al Fdo !!,"AVENIDA LEZICA ENTRE AVIADORES CIVILES Y CNO MELILLA 6680, Lezica, Montevideo",20900,$,2,1,1,60,https://http2.mlstatic.com/D_NQ_NP_2X_847566-MLU83052237231_032025-E.webp,MercadoLibre,https://casa.mercadolibre.com.uy/MLU-903086108-se-alquila-duplex-nuevos-y-semi-nuevos-de-2-dorm-con-lugar-p-auto-y-patio-al-fdo--_JM
Residencia Estudiantil En Cordon A Pasos De Las Principales Universidades,"Miguelete 1470, Montevideo, Cordón, Montevideo",7400,$,N/A,20,20,20,https://http2.mlstatic.com/D_NQ_NP_2X_991453-MLU83702552646_042025-E.webp,MercadoLibre,https://inmueble.mercadolibre.com.uy/MLU-915630658-residencia-estudiantil-en-cordon-a-pasos-de-las-principales-universidades-_JM
"Alquiler Casa En Piriápolis (playa Grande) - Temporada Alta, Vacaciones O Estadías De Una Semana Mínimo !!","Calle 1 & Misiones, Playa Grande Departamento De Maldonado, Uruguay, Piriápolis, Maldonado",100,US$,2,1,1,50,https://http2.mlstatic.com/D_NQ_NP_2X_938877-MLU73512113713_122023-E.webp,MercadoLibre,https://casa.mercadolibre.com.uy/MLU-894428826-alquiler-casa-en-piriapolis-playa-grande-temporada-alta-vacaciones-o-estadias-de-una-semana-minimo--_JM
Alquiler Local Comercial En Buceo,"ESTIVAO  1663 BIS, Buceo, Montevideo",20000,$,N/A,1,1,30,https://http2.mlstatic.com/D_NQ_NP_2X_916284-MLU91826706541_092025-E.webp,MercadoLibre,https://inmueble.mercadolibre.com.uy/MLU-653554571-alquiler-local-comercial-en-buceo-_JM
Apartamento En Alquiler Primera Fila Al Mar. Vista Directa. Brava,"BUS 0770, 10, 20100 Punta Del Este, Departamento De Maldonado, Uruguay, Playa Brava, Punta Del Este, Maldonado",15,US$,2,2,2,80,https://http2.mlstatic.com/D_NQ_NP_2X_797036-MLU92295651532_092025-E.webp,MercadoLibre,https://apartamento.mercadolibre.com.uy/MLU-912864090-apartamento-en-alquiler-primera-fila-al-mar-vista-directa-brava-_JM
Casa En Alquiler La Comercial Con Garage,"Montevideo, La Comercial",35000,$,2,1,1,65,https://http2.mlstatic.com/D_NQ_NP_2X_757351-MLU95815219822_102025-E.webp,MercadoLibre,https://casa.mercadolibre.com.uy/MLU-889602674-casa-en-alquiler-la-comercial-con-garage-_JM
"Alquilo Precioso Apto De 3 Dorm, Barbacoa Y Patio En Luis A. De Herrera Casi Av. Italia","Av. Luis Alberto De Herrera, Montevideo, La Blanqueada, Montevideo",29900,$,3,1,1,65,https://http2.mlstatic.com/D_NQ_NP_2X_782372-MLU95814426457_102025-E.webp,MercadoLibre,https://apartamento.mercadolibre.com.uy/MLU-911277294-alquilo-precioso-apto-de-3-dorm-barbacoa-y-patio-en-luis-a-de-herrera-casi-av-italia-_JM
"Muy Lindo Apartamento De Tres Dormitorios, Dos Baños, Terrazas, Cocina Definida,garaje Para Dos Autos","Carlos Anaya 3074, Montevideo, La Blanqueada, Montevideo",43000,$,3,2,2,78,https://http2.mlstatic.com/D_NQ_NP_2X_675309-MLU94687505682_102025-E.webp,MercadoLibre,https://apartamento.mercadolibre.com.uy/MLU-898355088-muy-lindo-apartamento-de-tres-dormitorios-dos-banos-terrazas-cocina-definidagaraje-para-dos-autos-_JM
Soleados Y Amplios Monoambientes Y 1 Dormitorio!! Ultimas Unidades!! Sin Gastos Comunes!,"Vilardebó 1378, Montevideo, Aguada, Montevideo",18500,$,1,1,1,35,https://http2.mlstatic.com/D_NQ_NP_2X_787216-MLU93432523718_092025-E.webp,MercadoLibre,https://apartamento.mercadolibre.com.uy/MLU-905634482-soleados-y-amplios-monoambientes-y-1-dormitorio-ultimas-unidades-sin-gastos-comunes-_JM
Ghiterman Alquila Mono Ambiente Grande En El Cordón .,"Rodo  2046, Cordón, Montevideo",18000,$,N/A,1,1,40,https://http2.mlstatic.com/D_NQ_NP_2X_954485-MLU91374990807_082025-E.webp,MercadoLibre,https://apartamento.mercadolibre.com.uy/MLU-889052540-ghiterman-alquila-mono-ambiente-grande-en-el-cordon--_JM
Casas Alquiler Anual 2 Dormitorios - C101722,"Calle 15, Playa Verde, Maldonado",18000,$,2,1,1,40,https://http2.mlstatic.com/D_NQ_NP_2X_611459-MLU91136816920_092025-E.webp,MercadoLibre,https://casa.mercadolibre.com.uy/MLU-801829350-casas-alquiler-anual-2-dormitorios-c101722-_JM
Alquilo Hermosa Cabaña De 2 Dormitorios En Barra Del Chui Brasil,"Rua B  339, Barra Del Chuy, Rocha",1500,$,2,1,1,55,https://http2.mlstatic.com/D_NQ_NP_2X_767532-MLU51788347515_102022-E.webp,MercadoLibre,https://casa.mercadolibre.com.uy/MLU-907605696-alquilo-hermosa-cabana-de-2-dormitorios-en-barra-del-chui-brasil-_JM
Alquiler De Locales Comerciales En Pleno Centro De Colon !!!,"AVENIDA LEZICA Y GARZON !!! 0000, Colón, Montevideo",12900,$,N/A,N/A,N/A,157,https://http2.mlstatic.com/D_NQ_NP_2X_879061-MLU71178845635_082023-E.webp,MercadoLibre,https://inmueble.mercadolibre.com.uy/MLU-653534117-alquiler-de-locales-comerciales-en-pleno-centro-de-colon--_JM
Residencia Estudiantil Femenina  New House,"José Pedro Varela  1123, Paysandú",10000,$,N/A,2,2,N/A,https://http2.mlstatic.com/D_NQ_NP_2X_904448-MLU80906484701_112024-E.webp,MercadoLibre,https://inmueble.mercadolibre.com.uy/MLU-896091690-residencia-estudiantil-femenina-new-house-_JM
"Casa Para Veranear En Costa Azul, Descanso Arena Y Sol.","Costa Azul, Canelones",1500,$,2,1,1,50,https://http2.mlstatic.com/D_NQ_NP_2X_761734-MLU80810533690_112024-E.webp,MercadoLibre,https://casa.mercadolibre.com.uy/MLU-907448594-casa-para-veranear-en-costa-azul-descanso-arena-y-sol-_JM
Alquiler Cochera Garage  Ciudad Vieja Mensuales Victoria Pla,"Florida 1430, Montevideo Departamento De Montevideo, Uruguay, Ciudad Vieja, Montevideo",3200,$,N/A,N/A,N/A,15,https://http2.mlstatic.com/D_NQ_NP_2X_740521-MLU74803327923_022024-E.webp,MercadoLibre,https://inmueble.mercadolibre.com.uy/MLU-912900638-alquiler-cochera-garage-ciudad-vieja-mensuales-victoria-pla-_JM
Reservado Dueño Alquila Apartamento En Centro,"Av Gral Rondeau 1530, Montevideo, Centro, Montevideo",18000,$,1,1,1,40,https://http2.mlstatic.com/D_NQ_NP_2X_919781-MLU97011956241_112025-E.webp,MercadoLibre,https://apartamento.mercadolibre.com.uy/MLU-935670336-reservado-dueno-alquila-apartamento-en-centro-_JM
Alquiler Temporal Apartamento Punta Del Este Edif Green Life Roosevelt 1 Dorm Garage Amenities Piscina Tenis Greenlife,"3395+C6P, 20000 Punta Del Este, Maldonado Department, Uruguay, Cantegril, Punta Del Este, Maldonado",80,US$,1,1,1,59,https://http2.mlstatic.com/D_NQ_NP_2X_913952-MLU48790963786_012022-E.webp,MercadoLibre,https://apartamento.mercadolibre.com.uy/MLU-653526749-alquiler-temporal-apartamento-punta-del-este-edif-green-life-roosevelt-1-dorm-garage-amenities-piscina-tenis-greenlife-_JM
"Apto Piso 3, Cordon, 1 Dorm + 1 Baño ! Excelente Estado Y Ubicación !","Av. 18 De Julio 2142, Montevideo, Centro, Montevideo",24000,$,1,1,1,37,https://http2.mlstatic.com/D_NQ_NP_2X_840776-MLU96676720006_112025-E.webp,MercadoLibre,https://apartamento.mercadolibre.com.uy/MLU-907474478-apto-piso-3-cordon-1-dorm-1-bano-excelente-estado-y-ubicacion--_JM
Alquilo Casa En Balneario Bsas Con Piscina Climatizada,"Calle 22 Entre La 48 Y La 49 SN, Balneario Buenos Aires, Maldonado",350,US$,3,2,2,250,https://http2.mlstatic.com/D_NQ_NP_2X_706195-MLU85458804019_052025-E.webp,MercadoLibre,https://casa.mercadolibre.com.uy/MLU-653547829-alquilo-casa-en-balneario-bsas-con-piscina-climatizada-_JM
"Monoambiente  Al Frente Vista Al Parque, Cerca De 5 Facultades, Gran Vista, Excelente","C. Joaquin De Salterain 929, Montevideo, Parque Rodó, Montevideo",16800,$,1,1,1,20,https://http2.mlstatic.com/D_NQ_NP_2X_701755-MLU86737962504_072025-E.webp,MercadoLibre,https://apartamento.mercadolibre.com.uy/MLU-653811139-monoambiente-al-frente-vista-al-parque-cerca-de-5-facultades-gran-vista-excelente-_JM
Casa En Alquiler Brazo Oriental 3 Dormitorios Y Entrada Para Auto,"Montevideo, Brazo Oriental",26000,$,3,1,1,65,https://http2.mlstatic.com/D_NQ_NP_2X_834947-MLU93991968163_102025-E.webp,MercadoLibre,https://casa.mercadolibre.com.uy/MLU-935793106-casa-en-alquiler-brazo-oriental-3-dormitorios-y-entrada-para-auto-_JM
"Espectacular Apto Remodelado A Nuevo, A 1 Cuadra De La Rambla, Todo Al Frente, Luminoso, En Una Zona Premium","Blvr. Juan Benito Blanco 3299, Montevideo, Pocitos, Montevideo",29000,$,1,1,1,46,https://http2.mlstatic.com/D_NQ_NP_2X_693846-MLU94802259398_102025-E.webp,MercadoLibre,https://apartamento.mercadolibre.com.uy/MLU-898513108-espectacular-apto-remodelado-a-nuevo-a-1-cuadra-de-la-rambla-todo-al-frente-luminoso-en-una-zona-premium-_JM
Alquilo Casa Costa Azul A 2 Cuadras Y Media De La Playa     Aceptamos Mascotas,"Storni Entre Lueiro Y Asturias 000, Costa Azul, Canelones",2000,$,2,1,1,48,https://http2.mlstatic.com/D_NQ_NP_2X_602263-MLU73158003665_112023-E.webp,MercadoLibre,https://casa.mercadolibre.com.uy/MLU-653559583-alquilo-casa-costa-azul-a-2-cuadras-y-media-de-la-playa-aceptamos-mascotas-_JM
Casa La Caracola Barra Del Chuy Uruguaya,"Parada 12 SN, Barra Del Chuy, Rocha",1800,$,1,1,1,30,https://http2.mlstatic.com/D_NQ_NP_2X_940574-MLU73742240083_012024-E.webp,MercadoLibre,https://casa.mercadolibre.com.uy/MLU-909879534-casa-la-caracola-barra-del-chuy-uruguaya-_JM
Apartamento En Alquiler En Piriápolis,"Atanasio Sierra Y Tucuman  920, Piriápolis, Maldonado",1500,$,2,1,1,50,https://http2.mlstatic.com/D_NQ_NP_2X_443815-MLU25310438863_012017-E.webp,MercadoLibre,https://apartamento.mercadolibre.com.uy/MLU-889050684-apartamento-en-alquiler-en-piriapolis-_JM
Alquilo Excelente Apto En Punta Del Este Sobre Roosvelt,"Avenida Roosvelt Y Mar Chiquita 019, Cantegril, Punta Del Este, Maldonado",110,US$,2,1,1,400,https://http2.mlstatic.com/D_NQ_NP_2X_678338-MLU91296498009_082025-E.webp,MercadoLibre,https://apartamento.mercadolibre.com.uy/MLU-925777224-alquilo-excelente-apto-en-punta-del-este-sobre-roosvelt-_JM
Casa En Alquiler Santa Ana Con Aire Acondicionado,"Calle 17 A Media Cuadra De La 22 SN, Santa Ana, Canelones",3000,$,2,1,1,100,https://http2.mlstatic.com/D_NQ_NP_2X_610945-MLU79922428066_102024-E.webp,MercadoLibre,https://casa.mercadolibre.com.uy/MLU-889096336-casa-en-alquiler-santa-ana-con-aire-acondicionado-_JM
"Casa En Alquiler, Por Día Balneario Santa Regina","Pati Y Amarillo  SN, Santa Regina, Colonia",2000,$,2,1,1,56,https://http2.mlstatic.com/D_NQ_NP_2X_708602-MLU88518405727_072025-E.webp,MercadoLibre,https://casa.mercadolibre.com.uy/MLU-898314970-casa-en-alquiler-por-dia-balneario-santa-regina-_JM
Venta 2 Dormitorios Con   Patio Centro Alquilado,"Mercedes & Ejido, Montevideo Departamento De Montevideo, Uruguay, Centro, Montevideo",109000,US$,2,1,1,60,https://http2.mlstatic.com/D_NQ_NP_2X_677360-MLU70219467504_062023-E.webp,MercadoLibre,https://apartamento.mercadolibre.com.uy/MLU-902996040-venta-2-dormitorios-con-patio-centro-alquilado-_JM
"Plaza Italia, Apartamento Soleado Y Cálido, 2 Dormitorios, Impecable Para Entrar.","Samuel Blixen 4372, Montevideo, Malvin, Montevideo",33600,$,2,1,1,50,https://http2.mlstatic.com/D_NQ_NP_2X_635131-MLU89586680221_082025-E.webp,MercadoLibre,https://apartamento.mercadolibre.com.uy/MLU-889602752-plaza-italia-apartamento-soleado-y-calido-2-dormitorios-impecable-para-entrar-_JM
"Casa Muy Luminosa , Con Entrada Para Vehiculo, En Barrio Los Bulevares. Próximo A Luis Batlle Berres Y A La Uam. A 1 Cuadra Lineas Bus, Super ,panadería  Y Red De Cobranzas.","El Asentamiento, Montevideo, Paso De La Arena, Montevideo",13000,$,1,1,1,38,https://http2.mlstatic.com/D_NQ_NP_2X_864527-MLU94889168181_102025-E.webp,MercadoLibre,https://casa.mercadolibre.com.uy/MLU-889096150-casa-muy-luminosa-con-entrada-para-vehiculo-en-barrio-los-bulevares-proximo-a-luis-batlle-berres-y-a-la-uam-a-1-cuadra-lineas-bus-super-panaderia-y-red-de-cobranzas-_JM
Residencia Estudiantil 21 De Setiembre Y Sarmiento,"21 De Setiembre 2627, Punta Carretas, Montevideo",10000,$,N/A,6,6,300,https://http2.mlstatic.com/D_NQ_NP_2X_919852-MLU26483998467_122017-E.webp,MercadoLibre,https://inmueble.mercadolibre.com.uy/MLU-653875735-residencia-estudiantil-21-de-setiembre-y-sarmiento-_JM
Hermosa Casa 2 Dormitorios Amplios  + Estacionamiento,"Comercio 2763, Montevideo, Unión, Montevideo",28000,$,2,1,1,80,https://http2.mlstatic.com/D_NQ_NP_2X_918819-MLU96053847056_102025-E.webp,MercadoLibre,https://casa.mercadolibre.com.uy/MLU-922767678-hermosa-casa-2-dormitorios-amplios-estacionamiento-_JM
Alquiler De 2 Dormitorios En La Blanqueada - Ventura Terrazas 505,"Monte Caseros 2870, Montevideo, La Blanqueada, Montevideo",36000,$,2,1,1,56,https://http2.mlstatic.com/D_NQ_NP_2X_744568-MLU92793212844_092025-E.webp,MercadoLibre,https://apartamento.mercadolibre.com.uy/MLU-875605716-alquiler-de-2-dormitorios-en-la-blanqueada-ventura-terrazas-505-_JM
"Alquiler Temporada Atlántida, Casa 2 Dormitorios.","Atlántida, Canelones",2200,$,2,1,1,60,https://http2.mlstatic.com/D_NQ_NP_2X_903419-MLU94979981009_102025-E.webp,MercadoLibre,https://casa.mercadolibre.com.uy/MLU-653574473-alquiler-temporada-atlantida-casa-2-dormitorios-_JM
Apartamento En El Corazón De Paysandú. Cerca De Todos Ñados,"33 Orientales 944, Paysandú, Paysandú",16500,$,1,1,1,50,https://http2.mlstatic.com/D_NQ_NP_2X_661021-MLU95200756010_102025-E.webp,MercadoLibre,https://apartamento.mercadolibre.com.uy/MLU-910070682-apartamento-en-el-corazon-de-paysandu-cerca-de-todos-nados-_JM
Descuento Por Estadias Largas. Casas De Barro De Alquiler Por Dia En Punta Rubia,"Av. Las Maravillas 2484, 27400 Punta Rubia, Departamento De Rocha, Uruguay, Punta Rubia, Rocha",50,US$,1,1,1,36,https://http2.mlstatic.com/D_NQ_NP_2X_887000-MLU40184803956_122019-E.webp,MercadoLibre,https://casa.mercadolibre.com.uy/MLU-935811508-descuento-por-estadias-largas-casas-de-barro-de-alquiler-por-dia-en-punta-rubia-_JM
"Apartamento 2 Dormitorios, Excelente Ubicación.","Charrúa 2266, Montevideo, Cordón, Montevideo",26000,$,2,1,1,50,https://http2.mlstatic.com/D_NQ_NP_2X_707051-MLU96490754390_112025-E.webp,MercadoLibre,https://apartamento.mercadolibre.com.uy/MLU-936578526-apartamento-2-dormitorios-excelente-ubicacion-_JM
Hermosa Casa Con Pisos Y Patio Nuevos!,"Victor Manuel 6070, Montevideo, Jardines Hipódromo, Montevideo",18000,$,1,1,1,80,https://http2.mlstatic.com/D_NQ_NP_2X_880423-MLU94476120199_102025-E.webp,MercadoLibre,https://casa.mercadolibre.com.uy/MLU-889062942-hermosa-casa-con-pisos-y-patio-nuevos-_JM
Habitaciones En Residencia Estudiantil Tres Cruces,"Juan Ramón Gómez 2514, Montevideo Departamento De Montevideo, Uruguay, Tres Cruces, Montevideo",9500,$,N/A,4,4,400,https://http2.mlstatic.com/D_NQ_NP_2X_878098-MLU71072129251_082023-E.webp,MercadoLibre,https://inmueble.mercadolibre.com.uy/MLU-653785395-habitaciones-en-residencia-estudiantil-tres-cruces-_JM
Casa Nueva Con Amplio Terreno. Independiente,"Gral. Antonio Diaz 4665, Montevideo, Sayago, Montevideo",16900,$,1,1,1,110,https://http2.mlstatic.com/D_NQ_NP_2X_864182-MLU96184852852_102025-E.webp,MercadoLibre,https://casa.mercadolibre.com.uy/MLU-925871146-casa-nueva-con-amplio-terreno-independiente-_JM
"Última Unidad En Alquiler - Santa Lucía, Canelones","Gral. Mitre 191, 90200 Santa Lucía, Departamento De Canelones, Uruguay, Santa Lucía, Canelones",23500,$,2,1,1,125,https://http2.mlstatic.com/D_NQ_NP_2X_717768-MLU95850192771_102025-E.webp,MercadoLibre,https://casa.mercadolibre.com.uy/MLU-922117798-ultima-unidad-en-alquiler-santa-lucia-canelones-_JM
Local Centro Cerca 18 De Julio Con Baño Y Vidriera A La Calle,"Héctor Gutiérrez Ruiz 1274, Montevideo, Centro, Montevideo",23000,$,N/A,1,1,51,https://http2.mlstatic.com/D_NQ_NP_2X_942983-MLU82737573017_022025-E.webp,MercadoLibre,https://inmueble.mercadolibre.com.uy/MLU-889268858-local-centro-cerca-18-de-julio-con-bano-y-vidriera-a-la-calle-_JM
Alquiler Local Comercial En Palermo Canelones 1529 Esquina Salto,"Pdte. Berro 2651, Montevideo, Tres Cruces, Montevideo",23000,$,N/A,1,1,30,https://http2.mlstatic.com/D_NQ_NP_2X_872295-MLU96065404103_102025-E.webp,MercadoLibre,https://apartamento.mercadolibre.com.uy/MLU-889268916-alquiler-local-comercial-en-palermo-canelones-1529-esquina-salto-_JM
Alquiler Casa Apartamento Piriápolis,"Atanasio Sierra 917, Piriápolis, Maldonado",1500,$,2,1,1,45,https://http2.mlstatic.com/D_NQ_NP_2X_889836-MLU48468181246_122021-E.webp,MercadoLibre,https://casa.mercadolibre.com.uy/MLU-653554615-alquiler-casa-apartamento-piriapolis-_JM
Alquiler De Apartamento Casa En Paso De Los Toros.,"Ernesto Perez 464, 45100 Paso De Los Toros Departamento De Tacuarembó, Uruguay, Paso De Los Toros, Tacuarembó",2000,$,1,1,1,40,https://http2.mlstatic.com/D_NQ_NP_2X_889936-MLU48669824002_122021-E.webp,MercadoLibre,https://apartamento.mercadolibre.com.uy/MLU-653551933-alquiler-de-apartamento-casa-en-paso-de-los-toros-_JM
Oficina Y/o Consultorio A 50 Mts De Arocena,"Carlos Federico Saez 6421, 11500 Montevideo, Departamento De Montevideo, Uruguay, Carrasco, Montevideo",25000,$,N/A,2,2,15,https://http2.mlstatic.com/D_NQ_NP_2X_957032-MLU80704808576_112024-E.webp,MercadoLibre,https://inmueble.mercadolibre.com.uy/MLU-907439404-oficina-yo-consultorio-a-50-mts-de-arocena-_JM
"A Estrenar Un Chiche!!! Luminoso Y Alegre Apto Un Dormit, Cocina Integrada Amplia Terraza Soleada Y Box. La Blanqueada Cerca De Mutualistas Centros Educativos Y Estadios. Posibilidad De Alquilar Gge.","Dr. Federico Susviela Guarch 2965, Montevideo, La Blanqueada, Montevideo",27000,$,1,1,1,50,https://http2.mlstatic.com/D_NQ_NP_2X_871726-MLU83864559188_042025-E.webp,MercadoLibre,https://apartamento.mercadolibre.com.uy/MLU-653527459-a-estrenar-un-chiche-luminoso-y-alegre-apto-un-dormit-cocina-integrada-amplia-terraza-soleada-y-box-la-blanqueada-cerca-de-mutualistas-centros-educativos-y-estadios-posibilidad-de-alquilar-gge-_JM
Apartamento En Alquiler  Palermo / Parque Rodo 1 Dormitorio,"Montevideo, Palermo",22000,$,1,N/A,N/A,40,https://http2.mlstatic.com/D_NQ_NP_2X_652769-MLU93822949607_092025-E.webp,MercadoLibre,https://apartamento.mercadolibre.com.uy/MLU-936583440-apartamento-en-alquiler-palermo-parque-rodo-1-dormitorio-_JM
"Casa Tres Dormitorios , Garaje, Parrillero Techado Y Jardín Solymar Norte, Km 25 (montes Solymar","Amancay 118, 15100 Marindia, Departamento De Canelones, Uruguay, Marindia, Canelones",27000,$,3,1,1,140,https://http2.mlstatic.com/D_NQ_NP_2X_845510-MLU96510528842_112025-E.webp,MercadoLibre,https://casa.mercadolibre.com.uy/MLU-653559591-casa-tres-dormitorios-garaje-parrillero-techado-y-jardin-solymar-norte-km-25-montes-solymar-_JM
Alquiler Apartamento 2 Dormitorios,"Democracia 2376, Montevideo, Aguada, Montevideo",20000,$,2,1,1,70,https://http2.mlstatic.com/D_NQ_NP_2X_685325-MLU94449915950_102025-E.webp,MercadoLibre,https://apartamento.mercadolibre.com.uy/MLU-889277362-alquiler-apartamento-2-dormitorios-_JM
Alquiler Apartamento De 1 Dormitorio En Palermo $25.000,"Maldonado 1460, Montevideo, Palermo, Montevideo",25000,$,1,1,1,32,https://http2.mlstatic.com/D_NQ_NP_2X_765073-MLU94696677579_102025-E.webp,MercadoLibre,https://apartamento.mercadolibre.com.uy/MLU-653520213-alquiler-apartamento-de-1-dormitorio-en-palermo-25000-_JM
"Apto 2dorm 1 Baño Y Cochera , Rodo Y Jackson","José Enrique Rodó 1800 - 2100, Montevideo, Cordón, Montevideo",29500,$,2,1,1,45,https://http2.mlstatic.com/D_NQ_NP_2X_676232-MLU96187412280_102025-E.webp,MercadoLibre,https://apartamento.mercadolibre.com.uy/MLU-910074086-apto-2dorm-1-bano-y-cochera-rodo-y-jackson-_JM
Apartamento Muy Luminoso Y Tranquilo.,"Av. Gonzalo Ramírez 2157, Montevideo, Parque Rodó, Montevideo",30900,$,1,1,1,68,https://http2.mlstatic.com/D_NQ_NP_2X_835501-MLU95746871734_102025-E.webp,MercadoLibre,https://apartamento.mercadolibre.com.uy/MLU-902970606-apartamento-muy-luminoso-y-tranquilo-_JM
Con Vista Al Parque Baroffio A Mts De La Rambla,"Pilcomayo, Montevideo, Malvin, Montevideo",26500,$,1,1,1,45,https://http2.mlstatic.com/D_NQ_NP_2X_604325-MLU96077404193_102025-E.webp,MercadoLibre,https://apartamento.mercadolibre.com.uy/MLU-912854774-con-vista-al-parque-baroffio-a-mts-de-la-rambla-_JM
Hermosa Habitación En Alquiler En Ciudad Vieja,"Montevideo, Ciudad Vieja",15000,$,N/A,1,1,60,https://http2.mlstatic.com/D_NQ_NP_2X_674227-MLU94465141117_102025-E.webp,MercadoLibre,https://inmueble.mercadolibre.com.uy/MLU-889270240-hermosa-habitacion-en-alquiler-en-ciudad-vieja-_JM
Gran Local En Alquiler Próximo A Pando,"Pando, Canelones",1950,US$,N/A,2,2,914,https://http2.mlstatic.com/D_NQ_NP_2X_735845-MLU92682720108_092025-E.webp,MercadoLibre,https://inmueble.mercadolibre.com.uy/MLU-874363380-gran-local-en-alquiler-proximo-a-pando-_JM
Habitaciones Impecables Individuales,"Cuareim  1574, Centro, Montevideo",11200,$,N/A,4,4,300,https://http2.mlstatic.com/D_NQ_NP_2X_673977-MLU80219858632_112024-E.webp,MercadoLibre,https://inmueble.mercadolibre.com.uy/MLU-903061040-habitaciones-impecables-individuales-_JM
"Apartamento En Aidy Grill, A Cinco Cuadras De La Mansa Y Brava.","Ave Italia 4, 20100 Punta Del Este, Departamento De Maldonado, Uruguay, Aidy Grill, Punta Del Este, Maldonado",130,US$,2,2,2,70,https://http2.mlstatic.com/D_NQ_NP_2X_915062-MLU96555729992_112025-E.webp,MercadoLibre,https://apartamento.mercadolibre.com.uy/MLU-935813264-apartamento-en-aidy-grill-a-cinco-cuadras-de-la-mansa-y-brava-_JM
Plaza Entrevero Dueña Edificio Diri,"Diri Building, Av. 18 De Julio 1044, Montevideo, Centro, Montevideo",23000,$,2,1,1,51,https://http2.mlstatic.com/D_NQ_NP_2X_977605-MLU96424231783_102025-E.webp,MercadoLibre,https://apartamento.mercadolibre.com.uy/MLU-653773241-plaza-entrevero-duena-edificio-diri-_JM
Alquiler A Estrenar En Cordón,"Canelones 1868, Montevideo, Cordón, Montevideo",28000,$,1,1,1,53,https://http2.mlstatic.com/D_NQ_NP_2X_779991-MLU94956577921_102025-E.webp,MercadoLibre,https://apartamento.mercadolibre.com.uy/MLU-898357006-alquiler-a-estrenar-en-cordon-_JM
Muy Lindo Y Amplio Monoambiente Al Frente. Sin Gastos Comunes!!,"Ciudadela 1469, Montevideo, Ciudad Vieja, Montevideo",18500,$,1,1,1,45,https://http2.mlstatic.com/D_NQ_NP_2X_791130-MLU97244681045_112025-E.webp,MercadoLibre,https://apartamento.mercadolibre.com.uy/MLU-907541714-muy-lindo-y-amplio-monoambiente-al-frente-sin-gastos-comunes-_JM
Apartamento De Dos Dormitorios Con Patio Excelente Estado,"Emilio Raña 3124, Montevideo, Larrañaga, Montevideo",24000,$,2,1,1,50,https://http2.mlstatic.com/D_NQ_NP_2X_854400-MLU94537021624_102025-E.webp,MercadoLibre,https://apartamento.mercadolibre.com.uy/MLU-653522791-apartamento-de-dos-dormitorios-con-patio-excelente-estado-_JM
"Gran Oportunidad Para Depósito De Mercadería O Uso Diverso Próximo A Gran Zona Comercial. Cuenta Con 4 Hambientes Que Pueden Ser Usados Para Oficinas, 3 Baños Y Un Vestuario. Gran Ambiente Y Entrpiso","Inca 1994, Montevideo, Jacinto Vera, Montevideo",95000,$,N/A,3,3,550,https://http2.mlstatic.com/D_NQ_NP_2X_766408-MLU94481083559_102025-E.webp,MercadoLibre,https://inmueble.mercadolibre.com.uy/MLU-653528325-gran-oportunidad-para-deposito-de-mercaderia-o-uso-diverso-proximo-a-gran-zona-comercial-cuenta-con-4-hambientes-que-pueden-ser-usados-para-oficinas-3-banos-y-un-vestuario-gran-ambiente-y-entrpiso-_JM
Como Se Ve En Fotos Con Todas Las Comodidades Máximo 5 Personas,"Gral. Rondeau 740, 20200 Piriápolis, Departamento De Maldonado, Uruguay, Piriápolis, Maldonado",2600,$,1,1,1,65,https://http2.mlstatic.com/D_NQ_NP_2X_866658-MLU93498500720_102025-E.webp,MercadoLibre,https://apartamento.mercadolibre.com.uy/MLU-653528451-como-se-ve-en-fotos-con-todas-las-comodidades-maximo-5-personas-_JM
Alquilo Hermoso Apartamento En Tres Cruces 3 Dorm 2 Baños,"Pdte. Berro, Montevideo, Tres Cruces, Montevideo",34900,$,3,2,2,70,https://http2.mlstatic.com/D_NQ_NP_2X_616915-MLU93941029996_102025-E.webp,MercadoLibre,https://apartamento.mercadolibre.com.uy/MLU-653577723-alquilo-hermoso-apartamento-en-tres-cruces-3-dorm-2-banos-_JM
Adm. Macek Apto.  2 Dorm. Planta Baja,"Benito Riquet 1132, Montevideo, La Teja, Montevideo",15900,$,2,1,1,38,https://http2.mlstatic.com/D_NQ_NP_2X_650818-MLU82104228959_012025-E.webp,MercadoLibre,https://apartamento.mercadolibre.com.uy/MLU-889087108-adm-macek-apto-2-dorm-planta-baja-_JM
Casa En Alquiler Con Garage 2 Dormitorios Y Terraza Con Parrillero,"Odense, Montevideo, Villa Española, Montevideo",21000,$,2,1,1,60,https://http2.mlstatic.com/D_NQ_NP_2X_778404-MLU96713672981_102025-E.webp,MercadoLibre,https://casa.mercadolibre.com.uy/MLU-653532201-casa-en-alquiler-con-garage-2-dormitorios-y-terraza-con-parrillero-_JM
Apto Un Dormitorio Planta Baja Con Estufa A Leña,"Comercio 2214, Montevideo, Unión, Montevideo",15000,$,1,1,1,45,https://http2.mlstatic.com/D_NQ_NP_2X_668678-MLU95232508065_102025-E.webp,MercadoLibre,https://apartamento.mercadolibre.com.uy/MLU-898591056-apto-un-dormitorio-planta-baja-con-estufa-a-lena-_JM
Alquiler Local Comercial En 18 De  Jullio,"4R2H+3H6, Av. 18 De Julio 2045, 11200 Montevideo, Departamento De Montevideo, Uruguay, Cordón, Montevideo",14000,$,N/A,1,1,22,https://http2.mlstatic.com/D_NQ_NP_2X_722987-MLU92438088027_092025-E.webp,MercadoLibre,https://inmueble.mercadolibre.com.uy/MLU-898368460-alquiler-local-comercial-en-18-de-jullio-_JM
Residencia Estudiantil Constituyente Y Tacuarembo,"Constituyente 1572, Cordón, Montevideo",6700,$,N/A,N/A,N/A,300,https://http2.mlstatic.com/D_NQ_NP_2X_746405-MLU20860548282_082016-E.webp,MercadoLibre,https://inmueble.mercadolibre.com.uy/MLU-898577492-residencia-estudiantil-constituyente-y-tacuarembo-_JM
Hogar Casa Habitacion Estudiantil En Paysandu,"Doctor Felipone 11111, Paysandú",8400,$,3,2,2,N/A,https://http2.mlstatic.com/D_NQ_NP_2X_731225-MLU25406342587_032017-E.webp,MercadoLibre,https://casa.mercadolibre.com.uy/MLU-902929860-hogar-casa-habitacion-estudiantil-en-paysandu-_JM
Residencia Estudiantil,"Paysandú 1722, Montevideo, Cordón, Montevideo",9500,$,N/A,3,3,100,https://http2.mlstatic.com/D_NQ_NP_2X_836718-MLU82937770376_032025-E.webp,MercadoLibre,https://inmueble.mercadolibre.com.uy/MLU-903125890-residencia-estudiantil-_JM
"Cochera En Alquiler Fija Cordón, Próximo Msp","Juan Antonio Rodriguez 1441, Cordón, Montevideo",3900,$,N/A,N/A,N/A,10,https://http2.mlstatic.com/D_NQ_NP_2X_662084-MLU94477307953_102025-E.webp,MercadoLibre,https://inmueble.mercadolibre.com.uy/MLU-889050054-cochera-en-alquiler-fija-cordon-proximo-msp-_JM
Habitaciones Femeninas Individuales Amobladas Apartamento Privado Centro Montevideo,"Av. Uruguay 1359, Montevideo, Centro, Montevideo",13000,$,N/A,2,2,200,https://http2.mlstatic.com/D_NQ_NP_2X_649624-MLU91538980185_092025-E.webp,MercadoLibre,https://inmueble.mercadolibre.com.uy/MLU-914707716-habitaciones-femeninas-individuales-amobladas-apartamento-privado-centro-montevideo-_JM
Apartamento En Punta Del Este,"Mansa, Playa Mansa, Punta Del Este, Maldonado",650,US$,1,1,1,38,https://http2.mlstatic.com/D_NQ_NP_2X_923182-MLU94797743466_102025-E.webp,MercadoLibre,https://apartamento.mercadolibre.com.uy/MLU-898318056-apartamento-en-punta-del-este-_JM
Alquiler Apartamento Torres Nuevo Centro Dos Dormitorios Shopping Nuevo Posibilidad Amueblado Centro,"Av. Luis Alberto De Herrera Esquina, 11600 Montevideo, Departamento De Montevideo, Uruguay, Jacinto Vera, Montevideo",35000,$,2,1,1,60,https://http2.mlstatic.com/D_NQ_NP_2X_966727-MLU91654815572_092025-E.webp,MercadoLibre,https://apartamento.mercadolibre.com.uy/MLU-898355164-alquiler-apartamento-torres-nuevo-centro-dos-dormitorios-shopping-nuevo-posibilidad-amueblado-centro-_JM
"Alquiler Habitaciones Individuales, Parejas, 2 Personas Y 3 Personas, Hombres Y Mujeres Nuevas, Centro , Cordon, Facultad Derecho, Abogacia, Psicologia, Trabajadores ,estudiantes","Mercedes & Magallanes, Montevideo Departamento De Montevideo, Uruguay, Centro, Montevideo",11500,$,N/A,1,1,8,https://http2.mlstatic.com/D_NQ_NP_2X_666009-MLU76373139798_052024-E.webp,MercadoLibre,https://inmueble.mercadolibre.com.uy/MLU-922338876-alquiler-habitaciones-individuales-parejas-2-personas-y-3-personas-hombres-y-mujeres-nuevas-centro-cordon-facultad-derecho-abogacia-psicologia-trabajadores-estudiantes-_JM
Apto 1 Dorm. Muy Buen Estado C/ Luz Natural En Todos Los Ambientes,"Dr José Luis Bado 3171, Montevideo, Villa Dolores, Montevideo",19900,$,1,1,1,45,https://http2.mlstatic.com/D_NQ_NP_2X_926792-MLU94350046882_102025-E.webp,MercadoLibre,https://apartamento.mercadolibre.com.uy/MLU-653546355-apto-1-dorm-muy-buen-estado-c-luz-natural-en-todos-los-ambientes-_JM
Residencia Estudiantil Mixta !!! Fernández Crespo Y Uruguay,"AVDA.FERNANDEZ CRESPO 1713 1713, Cordón, Montevideo",7400,$,N/A,N/A,N/A,600,https://http2.mlstatic.com/D_NQ_NP_2X_18980-MLU20164186371_092014-E.webp,MercadoLibre,https://inmueble.mercadolibre.com.uy/MLU-898343580-residencia-estudiantil-mixta-fernandez-crespo-y-uruguay-_JM
"Lezica  , Villa Colón !!!! Excelente Oportunidad. Gran Local","AVENIDA LEZICA  0000, Lezica, Montevideo",35000,$,N/A,1,1,80,https://http2.mlstatic.com/D_NQ_NP_2X_863191-MLU90309149579_082025-E.webp,MercadoLibre,https://inmueble.mercadolibre.com.uy/MLU-909872968-lezica-villa-colon-excelente-oportunidad-gran-local-_JM
Apartamento En Zona Premium: A Pasos Del Golf Y Punta Carretas Shopping - Dueño Directo - Sin Comision Inmobiliaria (ahorre 3% Más Iva).,"Bv. Gral. Artigas 529, Montevideo, Punta Carretas, Montevideo",34500,$,1,1,1,50,https://http2.mlstatic.com/D_NQ_NP_2X_627277-MLU96429493637_102025-E.webp,MercadoLibre,https://apartamento.mercadolibre.com.uy/MLU-653786545-apartamento-en-zona-premium-a-pasos-del-golf-y-punta-carretas-shopping-dueno-directo-sin-comision-inmobiliaria-ahorre-3-mas-iva-_JM
Alquiler Apartamento Un Dormitorio. Cordon/tres Cruces Lift Eme,"C. Ana Monterroso De Lavalleja 2190, Montevideo, Cordón, Montevideo",26000,$,1,1,1,42,https://http2.mlstatic.com/D_NQ_NP_2X_832162-MLU92135107011_092025-E.webp,MercadoLibre,https://apartamento.mercadolibre.com.uy/MLU-896091820-alquiler-apartamento-un-dormitorio-cordontres-cruces-lift-eme-_JM
Dueño Alquila Amplio Monoambiente En Punta Carretas,"Obligado 860, Montevideo, Punta Carretas, Montevideo",26000,$,1,1,1,45,https://http2.mlstatic.com/D_NQ_NP_2X_808330-MLU85755542817_062025-E.webp,MercadoLibre,https://apartamento.mercadolibre.com.uy/MLU-653552001-dueno-alquila-amplio-monoambiente-en-punta-carretas-_JM
"Habitación Premium En Pocitos, Cama Doble, Tv En Apartamento Moderno","Bv. España 2821, 11300 Montevideo, Departamento De Montevideo, Uruguay, Pocitos, Montevideo",22000,$,N/A,2,2,22,https://http2.mlstatic.com/D_NQ_NP_2X_649618-MLU94813734992_102025-E.webp,MercadoLibre,https://inmueble.mercadolibre.com.uy/MLU-903007926-habitacion-premium-en-pocitos-cama-doble-tv-en-apartamento-moderno-_JM
Apartamento Dos Dormitorios En Cordón,"Avenida 18 De Julio 2102, Dr. Joaquín Requena Esq, 11200 Montevideo, Departamento De Montevideo, Uruguay, Cordón, Montevideo",31000,$,2,1,1,80,https://http2.mlstatic.com/D_NQ_NP_2X_610691-MLU94772561188_102025-E.webp,MercadoLibre,https://apartamento.mercadolibre.com.uy/MLU-898460662-apartamento-dos-dormitorios-en-cordon-_JM
"Alquilo Casa En Colonia, Dos Dormitorios, Cercada, Parrillero, Aire Acondicionado Y Lugar Para El Auto","Bulevar San Benito 508, 70000 Col. Del Sacramento, Departamento De Colonia, Uruguay, Colonia Del Sacramento, Colonia",17900,$,2,1,1,45,https://http2.mlstatic.com/D_NQ_NP_2X_914555-MLU96959898115_112025-E.webp,MercadoLibre,https://casa.mercadolibre.com.uy/MLU-935759712-alquilo-casa-en-colonia-dos-dormitorios-cercada-parrillero-aire-acondicionado-y-lugar-para-el-auto-_JM
Local Con Baño En 21 De Setiembre Y Sarmiento  Ideal Oficin,"21 De Seriembre 2522, Pocitos, Montevideo",26500,$,N/A,1,1,25,https://http2.mlstatic.com/D_NQ_NP_2X_872222-MLU91737995526_092025-E.webp,MercadoLibre,https://inmueble.mercadolibre.com.uy/MLU-653567379-local-con-bano-en-21-de-setiembre-y-sarmiento-ideal-oficin-_JM
Monoambiente En Alquiler Tres Cruces // Cordón,"Montevideo, Tres Cruces",17800,$,1,1,1,28,https://http2.mlstatic.com/D_NQ_NP_2X_766639-MLU94238386062_102025-E.webp,MercadoLibre,https://apartamento.mercadolibre.com.uy/MLU-653545227-monoambiente-en-alquiler-tres-cruces-cordon-_JM
¡¡muy Luminoso- Galicia Y Minas- Sin Gastos Comunes!!,"Galicia 1528, Montevideo, Cordón, Montevideo",20000,$,2,1,1,44,https://http2.mlstatic.com/D_NQ_NP_2X_612434-MLU95703373429_102025-E.webp,MercadoLibre,https://apartamento.mercadolibre.com.uy/MLU-907436098-muy-luminoso-galicia-y-minas-sin-gastos-comunes-_JM
Se Alquila Monoambiente En Paso Molino.............a Una Cuadra Y Media De Agraciada Y A Tres Cuadras Del Prado......... Zona Muy Tranquila.........sin Gastos Comunes.......... Se Aceptan Mascotas,"Sta. Lucía 4132, Montevideo, Paso Molino, Montevideo",13000,$,1,1,1,24,https://http2.mlstatic.com/D_NQ_NP_2X_985361-MLU96056925937_102025-E.webp,MercadoLibre,https://apartamento.mercadolibre.com.uy/MLU-912996166-se-alquila-monoambiente-en-paso-molinoa-una-cuadra-y-media-de-agraciada-y-a-tres-cuadras-del-prado-zona-muy-tranquilasin-gastos-comunes-se-aceptan-mascotas-_JM
Pieza Con Muebles Individual,"José Serrato 2789, Unión, Montevideo",10500,$,N/A,3,3,400,https://http2.mlstatic.com/D_NQ_NP_2X_620104-MLU25891428548_082017-E.webp,MercadoLibre,https://inmueble.mercadolibre.com.uy/MLU-915912070-pieza-con-muebles-individual-_JM
"Alquilo Chacra 5,6 H Con Acceso Directo A Ruta 39 Zona Marelli","Mariano Soler 993, Canteras De Marelli, Maldonado",1200,US$,N/A,N/A,N/A,N/A,https://http2.mlstatic.com/D_NQ_NP_2X_845791-MLU69737019443_052023-E.webp,MercadoLibre,https://inmueble.mercadolibre.com.uy/MLU-653522497-alquilo-chacra-56-h-con-acceso-directo-a-ruta-39-zona-marelli-_JM
Alquilo Habitación   $ 9.000,"ARENAL GRANDE Y RODÓ  1336, Cordón, Montevideo",10000,$,N/A,4,4,300,https://http2.mlstatic.com/D_NQ_NP_2X_627581-MLU47194043296_082021-E.webp,MercadoLibre,https://inmueble.mercadolibre.com.uy/MLU-898408370-alquilo-habitacion-9000-_JM
"De Altos, 6 Habitaciones, 2 Baños, Terraza Trasera Y Altillo. Ideal Para Comercio Y Vivienda Muy Buen Punto Comercial En El Centro De Paso Molino","4QRJ+MRH, Av. Agraciada 4111, Montevideo, Paso Molino, Montevideo",38000,$,6,2,2,150,https://http2.mlstatic.com/D_NQ_NP_2X_613382-MLU94674080513_102025-E.webp,MercadoLibre,https://casa.mercadolibre.com.uy/MLU-653519771-de-altos-6-habitaciones-2-banos-terraza-trasera-y-altillo-ideal-para-comercio-y-vivienda-muy-buen-punto-comercial-en-el-centro-de-paso-molino-_JM
Excelente Monoambiente Con Cocina Y Baño Separado Frente A Rambla Baltasar Brum,"Hermanos Gil 815, Montevideo, Capurro, Montevideo",14500,$,1,1,1,35,https://http2.mlstatic.com/D_NQ_NP_2X_823321-MLU83502407089_042025-E.webp,MercadoLibre,https://apartamento.mercadolibre.com.uy/MLU-903124876-excelente-monoambiente-con-cocina-y-bano-separado-frente-a-rambla-baltasar-brum-_JM
25 De Mayo Esq. Juncal,"25 De Mayo 695, Montevideo, Centro, Montevideo",14800,$,1,1,1,35,https://http2.mlstatic.com/D_NQ_NP_2X_609619-MLU93304051106_092025-E.webp,MercadoLibre,https://apartamento.mercadolibre.com.uy/MLU-889083294-25-de-mayo-esq-juncal-_JM
Alquilo Garaje En Parque Rodó!! Motos,"Av. Gonzalo Ramírez & Eduardo Acevedo, Montevideo Departamento De Montevideo, Uruguay, Parque Rodó, Montevideo",2800,$,N/A,N/A,N/A,10,https://http2.mlstatic.com/D_NQ_NP_2X_830996-MLU49938345650_052022-E.webp,MercadoLibre,https://inmueble.mercadolibre.com.uy/MLU-889068530-alquilo-garaje-en-parque-rodo-motos-_JM
Apto Al Frente,"Larravide 3030, 12000 Montevideo, Departamento De Montevideo, Uruguay, Unión, Montevideo",11900,$,1,1,1,50,https://http2.mlstatic.com/D_NQ_NP_2X_930435-MLU85767048105_062025-E.webp,MercadoLibre,https://apartamento.mercadolibre.com.uy/MLU-898499336-apto-al-frente-_JM
Cuarto Individual Con Baño Privado,"Dr. Pablo De María, Montevideo, Cordón, Montevideo",19500,$,N/A,1,1,20,https://http2.mlstatic.com/D_NQ_NP_2X_665097-MLU90661660681_082025-E.webp,MercadoLibre,https://inmueble.mercadolibre.com.uy/MLU-907592492-cuarto-individual-con-bano-privado-_JM
Gurdamuebles. Depósito De Muebles.,"Jose Olmedo 4134, Perez Castellanos, Montevideo",2500,$,N/A,N/A,N/A,9,https://http2.mlstatic.com/D_NQ_NP_2X_997565-MLU83118879394_032025-E.webp,MercadoLibre,https://inmueble.mercadolibre.com.uy/MLU-889068748-gurdamuebles-deposito-de-muebles-_JM
"A 2 De Anador, 4 De Rivera Y 6 De Mdeo. Shopping. Interesante! Tipo Casita En 3 Niveles, Sin G Comunes!!!","Francisco Anzani 1600, 11600 Montevideo, Departamento De Montevideo, Uruguay, Buceo, Montevideo",35000,$,3,2,2,60,https://http2.mlstatic.com/D_NQ_NP_2X_956568-MLU95520879920_102025-E.webp,MercadoLibre,https://apartamento.mercadolibre.com.uy/MLU-907556694-a-2-de-anador-4-de-rivera-y-6-de-mdeo-shopping-interesante-tipo-casita-en-3-niveles-sin-g-comunes-_JM
"(ref 4.240) Se Alquila Monoambiente En El Centro, Próximo A Plaza Independencia","Colonia Y Florida, Centro, Montevideo",15000,$,1,1,1,1,https://http2.mlstatic.com/D_NQ_NP_2X_706147-MLU89508652980_082025-E.webp,MercadoLibre,https://apartamento.mercadolibre.com.uy/MLU-935702658-ref-4240-se-alquila-monoambiente-en-el-centro-proximo-a-plaza-independencia-_JM
Avenida 18 De Julio Esquina Minas Cómodo Apartamento Cerca De Todo,"Avenida 18 De Julio & Minas, Cordón, Montevideo",16000,$,1,1,1,26,https://http2.mlstatic.com/D_NQ_NP_2X_892336-MLU87016916920_072025-E.webp,MercadoLibre,https://apartamento.mercadolibre.com.uy/MLU-915977732-avenida-18-de-julio-esquina-minas-comodo-apartamento-cerca-de-todo-_JM
Residencia Estudiantil Femenina Habitación Individual,"Minas SN, Cordón, Montevideo",13500,$,N/A,3,3,90,https://http2.mlstatic.com/D_NQ_NP_2X_789905-MLU94775046458_102025-E.webp,MercadoLibre,https://inmueble.mercadolibre.com.uy/MLU-925846440-residencia-estudiantil-femenina-habitacion-individual-_JM
"Dueño Alquila, Carrasco Sur.","Mones Roses, Montevideo, Carrasco, Montevideo",63000,$,3,2,2,110,https://http2.mlstatic.com/D_NQ_NP_2X_758772-MLU82298129260_022025-E.webp,MercadoLibre,https://casa.mercadolibre.com.uy/MLU-926252562-dueno-alquila-carrasco-sur-_JM
A Estrenar!!! Hermosa Residencia Estudiantil. Excelente Ubicacion!!,"Andes 1334, Montevideo, Centro, Montevideo",10000,$,N/A,3,3,400,https://http2.mlstatic.com/D_NQ_NP_2X_734706-MLU83566973405_042025-E.webp,MercadoLibre,https://inmueble.mercadolibre.com.uy/MLU-915929148-a-estrenar-hermosa-residencia-estudiantil-excelente-ubicacion-_JM
Alquiler Casa 3 Dormitorios Parque Miramar Jardin Parrillero Amenities Seguridad Almadia,"Parque Miramar, Canelones",1500,US$,3,2,2,99,https://http2.mlstatic.com/D_NQ_NP_2X_719605-MLU88853933988_082025-E.webp,MercadoLibre,https://casa.mercadolibre.com.uy/MLU-804363662-alquiler-casa-3-dormitorios-parque-miramar-jardin-parrillero-amenities-seguridad-almadia-_JM
"Alquiler De Habitacion Individual. Residencia Para Estudiantes Y Trabajadores. Centro Smart Coliving. Vive Donde Todo Sucede! Un Lugar Moderno, Elegante, Inteligente. Veni A Descubrir Tu Nuevo Hogar!","Av. Uruguay 807, Montevideo, Centro, Montevideo",16000,$,N/A,10,10,1,https://http2.mlstatic.com/D_NQ_NP_2X_669459-MLU91598917257_092025-E.webp,MercadoLibre,https://inmueble.mercadolibre.com.uy/MLU-907607266-alquiler-de-habitacion-individual-residencia-para-estudiantes-y-trabajadores-centro-smart-coliving-vive-donde-todo-sucede-un-lugar-moderno-elegante-inteligente-veni-a-descubrir-tu-nuevo-hogar-_JM
Habitaciones Compartidas. Alquileres. Residencia Estudiantes,"Andes 1268, Centro, Montevideo",8000,$,N/A,5,5,370,https://http2.mlstatic.com/D_NQ_NP_2X_872274-MLU72916366279_112023-E.webp,MercadoLibre,https://inmueble.mercadolibre.com.uy/MLU-912928618-habitaciones-compartidas-alquileres-residencia-estudiantes-_JM
"Impecable,  1 Cuadra De Playa !! B Blanco Y Av Brasil --4to Piso, 1 Dormitorio,    Cocina Definida Al Frente,  Living Comedor  Al Frente,  Baño Completo Tza C/ Inst Lavarropa, Si Mascotas","Blvr. Juan Benito Blanco 933, Montevideo, Pocitos, Montevideo",28500,$,1,1,1,40,https://http2.mlstatic.com/D_NQ_NP_2X_911271-MLU93832067229_092025-E.webp,MercadoLibre,https://apartamento.mercadolibre.com.uy/MLU-914243302-impecable-1-cuadra-de-playa-b-blanco-y-av-brasil-4to-piso-1-dormitorio-cocina-definida-al-frente-living-comedor-al-frente-bano-completo-tza-c-inst-lavarropa-si-mascotas-_JM
Dueño Alquila Local Comercial Paso Molino. Ideal Comercio U Oficina,"Avenida Agraciada 4129, Paso Molino, Montevideo",14000,$,N/A,N/A,N/A,12,https://http2.mlstatic.com/D_NQ_NP_2X_824395-MLU91055640524_092025-E.webp,MercadoLibre,https://inmueble.mercadolibre.com.uy/MLU-935745954-dueno-alquila-local-comercial-paso-molino-ideal-comercio-u-oficina-_JM
Apartamento Excelente Ubicación Con Garaje Opcional De  1 Dormitorio  Con Ascensor Muy Buen Estado..,"Atlántida, Canelones",20000,$,1,1,1,60,https://http2.mlstatic.com/D_NQ_NP_2X_679476-MLU87390068184_072025-E.webp,MercadoLibre,https://apartamento.mercadolibre.com.uy/MLU-912814624-apartamento-excelente-ubicacion-con-garaje-opcional-de-1-dormitorio-con-ascensor-muy-buen-estado-_JM
Apartamento En Alquiler Planta Baja Mas Subsuelo Con 1  Dormitorio Cordón // Parque Rodo,"Montevideo, Cordón",26000,$,1,1,1,40,https://http2.mlstatic.com/D_NQ_NP_2X_689746-MLU93928590542_102025-E.webp,MercadoLibre,https://apartamento.mercadolibre.com.uy/MLU-911692096-apartamento-en-alquiler-planta-baja-mas-subsuelo-con-1-dormitorio-cordon-parque-rodo-_JM
Casa Ideal Dos Familias,"Montecarlo 9, 20200 Piriápolis, Departamento De Maldonado, Uruguay, Piriápolis, Maldonado",200,US$,3,2,2,132,https://http2.mlstatic.com/D_NQ_NP_2X_808570-MLU83421665612_042025-E.webp,MercadoLibre,https://casa.mercadolibre.com.uy/MLU-918559296-casa-ideal-dos-familias-_JM
Dunant 3716  Muy Lindo Y Luminoso Apto 2 D Con Patio Y Barbacoa. Excelente Estado.,"Dunant 3716, Montevideo, Piedras Blancas, Montevideo",18500,$,2,1,1,40,https://http2.mlstatic.com/D_NQ_NP_2X_868924-MLU92600024390_092025-E.webp,MercadoLibre,https://apartamento.mercadolibre.com.uy/MLU-908970718-dunant-3716-muy-lindo-y-luminoso-apto-2-d-con-patio-y-barbacoa-excelente-estado-_JM
"Alquiler, Apartamento 1 Dormitorio, Estrena, Con Amenities, Próximo A Shopping Y Terminal Tres Cruces .","Gral. Urquiza 2638, Montevideo, Tres Cruces, Montevideo",27000,$,1,1,1,42,https://http2.mlstatic.com/D_NQ_NP_2X_942798-MLU96262130072_102025-E.webp,MercadoLibre,https://apartamento.mercadolibre.com.uy/MLU-916579060-alquiler-apartamento-1-dormitorio-estrena-con-amenities-proximo-a-shopping-y-terminal-tres-cruces--_JM
Amplio Y Luminoso Quinto Piso A Avenida Brasil,"Av. Brasil 2730, Montevideo, Pocitos, Montevideo",26000,$,1,1,1,45,https://http2.mlstatic.com/D_NQ_NP_2X_964783-MLU83556304358_042025-E.webp,MercadoLibre,https://apartamento.mercadolibre.com.uy/MLU-922156762-amplio-y-luminoso-quinto-piso-a-avenida-brasil-_JM
"Hogar, Alojamiento, Casa, Residencia Estudiantil","Cte. Braga 0000, La Blanqueada, Montevideo",7300,$,N/A,2,2,200,https://http2.mlstatic.com/D_NQ_NP_2X_1816-MLU4279570280_052013-E.webp,MercadoLibre,https://inmueble.mercadolibre.com.uy/MLU-935727460-hogar-alojamiento-casa-residencia-estudiantil-_JM
Alquilo Barra De Chuy Uruguay Con Fondo Al Arroyo,"Prefectura SN, Barra Del Chuy, Rocha",1111,$,3,1,1,200,https://http2.mlstatic.com/D_NQ_NP_2X_969859-MLU79467728746_102024-E.webp,MercadoLibre,https://casa.mercadolibre.com.uy/MLU-935653874-alquilo-barra-de-chuy-uruguay-con-fondo-al-arroyo-_JM
Puerto Del Buceo! Monoamb Opc. Gge Balcon Vista Al Mar! Nuevo!,"Nicolás Piaggio 1181, Montevideo, Puerto Buceo, Montevideo",23500,$,N/A,1,1,30,https://http2.mlstatic.com/D_NQ_NP_2X_843668-MLU92214756071_092025-E.webp,MercadoLibre,https://apartamento.mercadolibre.com.uy/MLU-926255338-puerto-del-buceo-monoamb-opc-gge-balcon-vista-al-mar-nuevo-_JM
Alquiler Apartamento 1 Dormitorio En Punta Carretas,"Sarmiento 2486, Punta Carretas, Montevideo",26500,$,1,1,1,41,https://http2.mlstatic.com/D_NQ_NP_2X_625733-MLU96079741549_102025-E.webp,MercadoLibre,https://apartamento.mercadolibre.com.uy/MLU-848904892-alquiler-apartamento-1-dormitorio-en-punta-carretas-_JM
Apartamento En Alquiler Pocitos Nuevo 2 Dormitorios Próximo A Wtc Y Montevideo Shopping,"Montevideo, Pocitos Nuevo",31500,$,2,1,1,65,https://http2.mlstatic.com/D_NQ_NP_2X_999865-MLU86678850901_062025-E.webp,MercadoLibre,https://apartamento.mercadolibre.com.uy/MLU-936580556-apartamento-en-alquiler-pocitos-nuevo-2-dormitorios-proximo-a-wtc-y-montevideo-shopping-_JM
Residencia Estudiantil En El Centro,"Canelones 1252, Montevideo Departamento De Montevideo, Uruguay, Centro, Montevideo",10000,$,N/A,4,4,400,https://http2.mlstatic.com/D_NQ_NP_2X_922581-MLU88186185501_072025-E.webp,MercadoLibre,https://inmueble.mercadolibre.com.uy/MLU-915850906-residencia-estudiantil-en-el-centro-_JM
Apartamento En Alquiler En Punta Carretas Con Terraza,"José Ellauri 500, Montevideo, Punta Carretas, Montevideo",30000,$,1,1,1,42,https://http2.mlstatic.com/D_NQ_NP_2X_990085-MLU93643169798_102025-E.webp,MercadoLibre,https://apartamento.mercadolibre.com.uy/MLU-887540190-apartamento-en-alquiler-en-punta-carretas-con-terraza-_JM
"Chacra Quinta Casa De Campo  Pueblo Edén, !!! Piscina Climatizada !!! Parrillero.  Espejo De Agua Cristalina Paz Y Tranquilidad Disfrute De La Naturaleza!!!! Casa Ladrillo  7, Amarilla 12 Huésped","Ruta 12, El Edén Departamento De Maldonado, Uruguay, Península, Punta Del Este, Maldonado",199,US$,3,1,1,55,https://http2.mlstatic.com/D_NQ_NP_2X_855508-MLU53032040318_122022-E.webp,MercadoLibre,https://casa.mercadolibre.com.uy/MLU-935725482-chacra-quinta-casa-de-campo-pueblo-eden-piscina-climatizada-parrillero-espejo-de-agua-cristalina-paz-y-tranquilidad-disfrute-de-la-naturaleza-casa-ladrillo-7-amarilla-12-huesped-_JM
Habitación Individuales / Habitación De Pareja,"Buenos Aires Esq Treinta Y Tres  SN, Ciudad Vieja, Montevideo",13000,$,N/A,8,8,850,https://http2.mlstatic.com/D_NQ_NP_2X_733323-MLU79042874232_092024-E.webp,MercadoLibre,https://inmueble.mercadolibre.com.uy/MLU-935749034-habitacion-individuales-habitacion-de-pareja-_JM
Alquiler Apartamento Monoambiente Parque Rodó 21 P 606 $17.000,"21 De Setiembre 2276, Parque Rodó, Montevideo",17000,$,1,1,1,27,https://http2.mlstatic.com/D_NQ_NP_2X_888990-MLU95955083381_102025-E.webp,MercadoLibre,https://apartamento.mercadolibre.com.uy/MLU-912837488-alquiler-apartamento-monoambiente-parque-rodo-21-p-606-17000-_JM
Habitacion Individual Baño Privado,"Capitán Villademoros 2663, 12100 Montevideo, Departamento De Montevideo, Uruguay, Unión, Montevideo",12000,$,N/A,1,1,16,https://http2.mlstatic.com/D_NQ_NP_2X_668289-MLU81927239616_022025-E.webp,MercadoLibre,https://inmueble.mercadolibre.com.uy/MLU-925906920-habitacion-individual-bano-privado-_JM
Habitación Privada C/ventana En Hogar Estudiantil Femenino 'como En Casa' - Barrio Cordón Sur - Cerca De Facultades,"Av. Gral. Rivera 2076, Montevideo Departamento De Montevideo, Uruguay, Cordón, Montevideo",13000,$,N/A,3,3,212,https://http2.mlstatic.com/D_NQ_NP_2X_705096-MLU96065383641_102025-E.webp,MercadoLibre,https://inmueble.mercadolibre.com.uy/MLU-913944446-habitacion-privada-cventana-en-hogar-estudiantil-femenino-como-en-casa-barrio-cordon-sur-cerca-de-facultades-_JM
Alquiler Apartamento 2 Dormitorios Con Garaje - Parque Batlle,"Parque Batlle, Montevideo",36000,$,2,1,1,57,https://http2.mlstatic.com/D_NQ_NP_2X_946429-MLU93853419927_092025-E.webp,MercadoLibre,https://apartamento.mercadolibre.com.uy/MLU-880923766-alquiler-apartamento-2-dormitorios-con-garaje-parque-batlle-_JM
Alquiler | Apartamento De 2 Dormitorios En La Unión,"José Antonio Cabrera 3947, Unión, Montevideo",24000,$,2,1,1,60,https://http2.mlstatic.com/D_NQ_NP_2X_718306-MLU94356357327_102025-E.webp,MercadoLibre,https://apartamento.mercadolibre.com.uy/MLU-889266752-alquiler-apartamento-de-2-dormitorios-en-la-union-_JM
Alquilo Para Empresas O Familias Etc...,"Divina Comedia SN, Carrasco, Montevideo",130000,$,4,2,2,670,https://http2.mlstatic.com/D_NQ_NP_2X_819749-MLU91306431037_082025-E.webp,MercadoLibre,https://casa.mercadolibre.com.uy/MLU-935747244-alquilo-para-empresas-o-familias-etc-_JM
Super Local Comercial En Alquiler En La Mejor Esquina Frente A La Terminal Y A Una Cuadra De Av Roosevelt,"Calle Sarandi Y Calle San Jose, Punta Del Este, Maldonado",3600,US$,N/A,N/A,N/A,164,https://http2.mlstatic.com/D_NQ_NP_2X_879286-MLU83473238133_042025-E.webp,MercadoLibre,https://inmueble.mercadolibre.com.uy/MLU-718546290-super-local-comercial-en-alquiler-en-la-mejor-esquina-frente-a-la-terminal-y-a-una-cuadra-de-av-roosevelt-_JM
Coworking Y Oficinas Por Hora,"18 De Julio 1220, Centro, Montevideo",500,$,N/A,2,2,20,https://http2.mlstatic.com/D_NQ_NP_2X_757874-MLU82662701883_022025-E.webp,MercadoLibre,https://inmueble.mercadolibre.com.uy/MLU-935751450-coworking-y-oficinas-por-hora-_JM
"Apto Tipo Casa, 1 Dormitorio, La Teja","Gral. Agustín Muñoz 4250, Montevideo, La Teja, Montevideo",22000,$,1,1,1,62,https://http2.mlstatic.com/D_NQ_NP_2X_941869-MLU94693150430_102025-E.webp,MercadoLibre,https://apartamento.mercadolibre.com.uy/MLU-907556916-apto-tipo-casa-1-dormitorio-la-teja-_JM
Jardines De Peñarol. Rembrandt Entre Hudson  Y B Irigoyen !,"REMBRANDT ENTRE HUDSON Y BESNES IRIGOYEN  1905, Peñarol, Montevideo",18900,$,2,1,1,45,https://http2.mlstatic.com/D_NQ_NP_2X_754063-MLU96514075146_112025-E.webp,MercadoLibre,https://casa.mercadolibre.com.uy/MLU-935785598-jardines-de-penarol-rembrandt-entre-hudson-y-b-irigoyen--_JM
Alquiler Apartamento 1 Dormitorio A Estrenar En Cordón Ventura Go,"Colonia 2258, Cordón, Montevideo",27900,$,1,1,1,43,https://http2.mlstatic.com/D_NQ_NP_2X_850102-MLU93403245937_092025-E.webp,MercadoLibre,https://apartamento.mercadolibre.com.uy/MLU-876792796-alquiler-apartamento-1-dormitorio-a-estrenar-en-cordon-ventura-go-_JM
Alquiler Casa 1 Dormitorio Villa Argentina Con Cochera,"Calle 8 Villa Arg, Villa Argentina, Canelones",18000,$,1,1,1,45,https://http2.mlstatic.com/D_NQ_NP_2X_686955-MLU95142106830_102025-E.webp,MercadoLibre,https://casa.mercadolibre.com.uy/MLU-910301044-alquiler-casa-1-dormitorio-villa-argentina-con-cochera-_JM
Alquiler Hermoso Apartamento Parque Batlle A Estrenar De Categoría 1 Dormitorio Balcón Terraza Tipo Patio Exclusiva Garage Divino!!!,"Doctor José Brito Foresti 2964, Parque Batlle, Montevideo",31000,$,1,1,1,42,https://http2.mlstatic.com/D_NQ_NP_2X_612730-MLU95267644360_102025-E.webp,MercadoLibre,https://apartamento.mercadolibre.com.uy/MLU-907540358-alquiler-hermoso-apartamento-parque-batlle-a-estrenar-de-categoria-1-dormitorio-balcon-terraza-tipo-patio-exclusiva-garage-divino-_JM
Fray Bentos  Habitaciones Individuales,"Pdte. Manuel Oribe 1379, 65000 Fray Bentos, Departamento De Río Negro, Uruguay, Fray Bentos, Río Negro",6000,$,N/A,2,2,200,https://http2.mlstatic.com/D_NQ_NP_2X_830546-MLU85707386309_062025-E.webp,MercadoLibre,https://inmueble.mercadolibre.com.uy/MLU-922250440-fray-bentos-habitaciones-individuales-_JM
Residencia Estudiantil En Palermo.,"Maldonado 1485, Palermo, Montevideo",9700,$,N/A,3,3,260,https://http2.mlstatic.com/D_NQ_NP_2X_812371-MLU44239998697_122020-E.webp,MercadoLibre,https://inmueble.mercadolibre.com.uy/MLU-915929146-residencia-estudiantil-en-palermo-_JM
Alquiler - Apartamento Con 4 Dormitorios Y Terraza Al Frente En Parque Rodó - Bv. Artigas Y Hugo Prato,"Bulevar General Artigas Y Hugo Prato, Parque Rodó, Montevideo",43000,$,5,2,2,140,https://http2.mlstatic.com/D_NQ_NP_2X_924061-MLU96066994965_102025-E.webp,MercadoLibre,https://apartamento.mercadolibre.com.uy/MLU-912944572-alquiler-apartamento-con-4-dormitorios-y-terraza-al-frente-en-parque-rodo-bv-artigas-y-hugo-prato-_JM
Excelente Local O Depósito Dentro Del Predio Logístico,"Avenida Dámaso A. Larrañaga 3581, Montevideo Departamento De Montevideo, Uruguay, Mercado Modelo, Montevideo",6500,$,N/A,1,1,25,https://http2.mlstatic.com/D_NQ_NP_2X_690732-MLU91221222893_082025-E.webp,MercadoLibre,https://inmueble.mercadolibre.com.uy/MLU-672042304-excelente-local-o-deposito-dentro-del-predio-logistico-_JM
Alquiler 1 Dormitorio Jacinto Vera Patio Cerca Nuevo Centro,"Doctor Luis Melián Lafinur Y Juan Paullier, Jacinto Vera, Montevideo",18000,$,1,1,1,38,https://http2.mlstatic.com/D_NQ_NP_2X_601069-MLU96618066991_102025-E.webp,MercadoLibre,https://apartamento.mercadolibre.com.uy/MLU-907453370-alquiler-1-dormitorio-jacinto-vera-patio-cerca-nuevo-centro-_JM
Apartamento De 2 Dormitorios En Pocitos,"Av. Dr. Francisco Soca 1335, Montevideo, Pocitos, Montevideo",66420,$,2,2,2,99,https://http2.mlstatic.com/D_NQ_NP_2X_692971-MLU94550824772_102025-E.webp,MercadoLibre,https://apartamento.mercadolibre.com.uy/MLU-915949148-apartamento-de-2-dormitorios-en-pocitos-_JM
Casa En Alquiler En Reducto Con Garage Y Parrillero,"Rivadavia 1598, Montevideo, Reducto, Montevideo",35000,$,3,2,2,88,https://http2.mlstatic.com/D_NQ_NP_2X_921531-MLU93855389773_092025-E.webp,MercadoLibre,https://casa.mercadolibre.com.uy/MLU-880858926-casa-en-alquiler-en-reducto-con-garage-y-parrillero-_JM
Alquiler De Oficina Con Cochera En Ciudad Vieja.,"Sarandí 356, 11000 Montevideo, Departamento De Montevideo, Uruguay, Ciudad Vieja, Montevideo",17000,$,2,1,1,34,https://http2.mlstatic.com/D_NQ_NP_2X_674502-MLU95083380853_102025-E.webp,MercadoLibre,https://apartamento.mercadolibre.com.uy/MLU-925841472-alquiler-de-oficina-con-cochera-en-ciudad-vieja-_JM
Alquiler Monoambiente Cordón / Palermo Ventura Soho. Maldonado Y Yaro,"Maldonado 1821, Montevideo, Cordón, Montevideo",22500,$,1,1,1,32,https://http2.mlstatic.com/D_NQ_NP_2X_694103-MLU81003479170_122024-E.webp,MercadoLibre,https://apartamento.mercadolibre.com.uy/MLU-907449796-alquiler-monoambiente-cordon-palermo-ventura-soho-maldonado-y-yaro-_JM
Apartamento En Alquiler / Pocitos - Inmobiliaria Lars,"Av. Gral Rivera Esq. Rafael Pastoriza, Pocitos, Montevideo",27000,$,1,1,1,50,https://http2.mlstatic.com/D_NQ_NP_2X_857532-MLU92312532713_092025-E.webp,MercadoLibre,https://apartamento.mercadolibre.com.uy/MLU-862967968-apartamento-en-alquiler-pocitos-inmobiliaria-lars-_JM
"Alquiler Terreno Paso Carrasco, Parque Miramar, Camino Carrasco","4XV5+686, 15000 Ciudad De La Costa, Canelones Department, Uruguay, Paso De Carrasco, Canelones",25000,$,N/A,N/A,N/A,1,https://http2.mlstatic.com/D_NQ_NP_2X_754363-MLU90185522966_082025-E.webp,MercadoLibre,https://terreno.mercadolibre.com.uy/MLU-925807526-alquiler-terreno-paso-carrasco-parque-miramar-camino-carrasco-_JM
