titulo,ubicacion,precio_valor,precio_moneda,dorms,baños,superficie_m2
Domingo Aramburu Y José L Terra-un Dormitorio Y Terraza Luc,"DOMINGO ARAMBURU  1686, La Comercial, Montevideo",15000,$,1,1,45
Se Alquila Duplex Nuevos Y Semi Nuevos  De 2 Dorm Con Lugar  P/ Auto Y Patio Al Fdo !!,"AVENIDA LEZICA ENTRE AVIADORES CIVILES Y CNO MELILLA 6680, Lezica, Montevideo",20900,$,2,1,60
Centro A Estrenar! Uruguay Y Gaboto P Alto Balcon Muy Luminoso  Gge Fijo!,"Av. Uruguay 1583, Montevideo, Centro, Montevideo",30000,$,1,1,43
Alquiler De Apartamento Tipo Duplex Dos Dormitorios En Calle La Paz. Cordón. Villa Muñoz,"La Paz 2016, Montevideo, Cordón, Montevideo",27000,$,2,2,48
"Apt. Totalmente Remodelado,sin Gastos Comunes, Cercanias De Avd Gral.flores, Facultad Medicina, Quimica, Mam, Zona Mayorista, Exlocomoción, Todos Los Servicios","Dr. Domingo Aramburu 1500 - 1800, Montevideo, Goes, Montevideo",27500,$,2,1,65
"Habitaciones Residencia Estudiantil, Coliving","Soriano 1073, Centro, Montevideo",9500,$,N/A,10,300
"Habitaciones, Cuartos, Alojamiento, Residencia, Pension, Piezas, Hogar, Vista Al Mar","Río Negro 1093, Montevideo Departamento De Montevideo, Uruguay, Barrio Sur, Montevideo",8900,$,N/A,7,750
Publicado 27/10 Aptos Alquiler En Unión Y Pérez Castellanos,"Av. 8 De Octubre 3015, Montevideo, La Blanqueada, Montevideo",17500,$,1,1,50
2 O 3 Dorm Al Frente Reciclado. Excelente Ubicación,"Paysandú 1164, Montevideo, Centro, Montevideo",22500,$,2,1,65
Residencia Estudiantil Femenina / Coliving Estudiantes / Renta De Habitaciones Para Estudiantes,"Simón Bolivar 1200 - 1500, Montevideo, Parque Batlle, Montevideo",10000,$,N/A,5,255
Residencia Pension Hombres Mujeres Impecable Estado Reco,"Carlos Reyles 1831, Aguada, Montevideo",5500,$,N/A,3,300
Peñarol !!!! Se Alquila Muy Linda Y Cómoda Propiedad !!!,"PEÑAROL BIEN UBICADA 0000, Peñarol, Montevideo",15900,$,2,1,45
Casa En Alquiler En Ciudad De La Costa,"Bahía 1711, 15002 Ciudad De La Costa, Departamento De Canelones, Uruguay, Shangrilá, Ciudad De La Costa, Canelones",22000,$,1,1,28
"Apartamento Aidy Grill, Punta Del Este. Reservá Ahora, No Te Lo Pierdas!! | Alquiler Temporal - 1 Dormitorio","3339+Q76, Orinoco, 20100 Punta Del Este, Departamento De Maldonado, Uruguay, Aidy Grill, Punta Del Este, Maldonado",100,US$,1,1,37
Alquilo Hermosa Cabaña De 2 Dormitorios En Barra Del Chui Brasil,"Rua B  339, Barra Del Chuy, Rocha",1500,$,2,1,55
Apartamento Alquiler Pocitos Con Balcón,"Juan María Pérez, Montevideo, Pocitos, Montevideo",38000,$,2,2,70
"Casa Muy Luminosa , Con Entrada Para Vehiculo, En Barrio Los Bulevares. Próximo A Luis Batlle Berres Y A La Uam. A 1 Cuadra Lineas Bus, Super ,panadería  Y Red De Cobranzas.","El Asentamiento, Montevideo, Paso De La Arena, Montevideo",13000,$,1,1,38
Dueño. 18 De Julio Y Río Negro. Todo Al Frente. Entre Plaza Entrevero Y Cagancha. 6a Piso.,"Av. 18 De Julio 1071, 11100 Montevideo, Departamento De Montevideo, Uruguay, Centro, Montevideo",31000,$,2,1,66
Alquilo Apartamento Un Dormitorio Con Cochera En Citadino Prado,"Jujuy 2780, Montevideo, Bella Vista, Montevideo",25000,$,1,1,44
Apto 1 Dorm. Muy Buen Estado C/ Luz Natural En Todos Los Ambientes,"Dr José Luis Bado 3171, Montevideo, Villa Dolores, Montevideo",19900,$,1,1,45
Alquiler Casa A Estrenar 2 Dormitorios Con Cochera Carrasco,"Beránger 7017, Carrasco Norte, Montevideo",45000,$,2,2,76
Se Alquila Oficina Ciudad Vieja,"Zabala 1379, Ciudad Vieja, Montevideo",8500,$,N/A,1,25
Alquiler Apartamento 1 Dorm Y Garaje Tres Cruces Montevideo,"Eduardo Victor Haedo Esq. Acevedo Diaz, Tres Cruces, Montevideo",27500,$,1,1,49
Alquiler De Apartamento  1 Dormitorio Posibilidad De Cochera -la Blanqueada.,"Acosta Y Lara  2336/201  Esq  Juan Guzmán, La Blanqueada, Montevideo",24500,$,1,1,34
Alquiler Local Comercial Gastronomico Centro,"Andes 1165, Montevideo, Centro, Montevideo",49900,$,N/A,1,60
Oficina -alquiler World Trade Center -wtc- Buceo,"Buceo, Montevideo",1600,US$,N/A,2,66
Apartamento En Alquiler En La Blanqueada Con Patio,"Acosta Y Lara 2336/13, La Blanqueada, Montevideo",32000,$,1,1,55
Apartamento Monoambiente En Alquiler,"Hector Gutierrez Ruiz Al 1200, Centro, Montevideo",16000,$,1,1,30
Alquilo Casa X Día  /vendo  En Villa Soriano,"Cabildo  0, Villa Soriano, Soriano",2000,$,2,1,120
Alquiler De Consultorio/oficina,"Uruguay & Indiana, Ciudad De La Costa Departamento De Canelones, Uruguay, El Pinar, Canelones",12000,$,1,1,20
Espacio Privado En Estudio Profesional.centro De Maldonado.,"25 De Mayo 626, Maldonado",14000,$,1,1,71
"Loft 70 M2 Proyecto Flexible 1 Dormit Terraza Única 130 M2 Pasto Natural, Parrillero Y Horno De Pan. Patio Planta Baja Con Árbol Y Jardín. Dueño Alquila, Espacios Comunes Compartidos. Estufa A Leña+ac","Yaguarón 1970, Montevideo, Aguada, Montevideo",27400,$,1,1,70
Casa En Alquiler En Rivera Y Rímac Con Terraza,"Av.Gral Rivera 5050, Montevideo, Malvin, Montevideo",38500,$,2,1,80
Casa Frente Al Mar-las Flores Piriapolis,"Las Flores, Playa Verde Piriapolis, Maldonado Department, Uruguay, Piriápolis, Maldonado",11111,$,2,1,80
Alquiler De Consultorio Por Hora Zona Centro. Promociones!!!,"Miguel Del Corro 1483, Montevideo Departamento De Montevideo, Uruguay, Centro, Montevideo",170,$,N/A,2,200
Alquilo Para Empresas O Familias Etc...,"Divina Comedia SN, Carrasco, Montevideo",130000,$,4,2,670
Apartamento En Alquiler En Villa Biarritz Con Terraza,"21 De Setiembre, Montevideo, Villa Biarritz, Montevideo",45000,$,2,2,61
Espectacular Casa Reciclada En Carrasco En Venta Y Alquiler,"Carrasco, Montevideo, Carrasco, Montevideo",10000,US$,4,7,510
Alquilo. Pctos Nvo.  2 Amb. C/ Frente. Con Mob. De Cocina,"Cristóbal Echevarriarza  3471, Pocitos Nuevo, Montevideo",29000,$,1,1,40
"Casa En Piriapolis, Playa Hermosa,  Zona Proa Al Mar, Cerro Del Burro.  Dos Casas Para Dos Familias Tipo.","Playa Hermosa, Maldonado",120,US$,2,2,186
"Habitación/pensión/alojamiento. Tu Hogar Lejos De Casa.  Ideal Para Quienes Requieren Vivir Largos Períodos En Montevideo, Con Gusto Por El Ambiente Familiar, Cálido, Seguro Y Confiable.","Av. Uruguay 1771, Montevideo, Cordón, Montevideo",1,$,N/A,4,100
"Oportunidad Única, Casa En La Mejor Zona De Carrasco","Carrasco, Montevideo",8000,US$,10,8,929
"Residencia Para Estudiantes, Residencia Estudiantil","Río Negro 1279, Montevideo Departamento De Montevideo, Uruguay, Centro, Montevideo",8900,$,N/A,9,270
"Dueño Alquila Marina I Piso 14 Vista Al Mar Servicios, 4-6ps","Avenida Chiverta Y Rambla Batlle Pacheco  0, Aidy Grill, Punta Del Este, Maldonado",5000,US$,3,3,70
"Alquiler De Casas En Pueblo Centenario, Cerca De Paso De Los Toros.","Camino Viejo 32, 45100 Centenario, Departamento De Durazno, Uruguay, Pueblo Centenario, Durazno",1800,$,2,1,200
Casa Reciclada A Full En Alquiler En Carrasco,"Carrasco, Montevideo, Carrasco, Montevideo",10000,US$,4,4,343
"Habitaciones, Casa, Residencia, Alojamiento, Cuartos, Pensión, Piezas, Hogar, Alto Nivel A Precios Accesibles","ANDES 1227, Centro, Montevideo",8900,$,N/A,10,1
"Proximo Car One, Complejo Cerrado, Hermosa Casa Con 2 Dorm, Barbacoa, Gge, Estufa Y Mas $ 42.000 + Gc Bajos","52JC+QQ3, Av. Uruguay, 15800 Ciudad De La Costa, Departamento De Canelones, Uruguay, Solymar, Canelones",42000,$,2,1,150
