titulo,ubicacion,precio_valor,precio_moneda,dorms,baños,superficie_m2,imagen_url,fuente
Proyecto De Diseño En Palermo. Apartamentos Monoambiente Y 1 Dormitorio A Estrenar O Con Renta. Azoteas Y Parrilleros De Uso Exclusivo,"Isla De Flores 1608, Montevideo, Palermo, Montevideo",87000,US$,1,1,26,https://http2.mlstatic.com/D_NQ_NP_2X_811694-MLU92776210864_092025-E.webp,MercadoLibre
Domingo Aramburu Y José L Terra-un Dormitorio Y Terraza Luc,"DOMINGO ARAMBURU  1686, La Comercial, Montevideo",15000,$,1,1,45,https://http2.mlstatic.com/D_NQ_NP_2X_984062-MLU85343074834_062025-E.webp,MercadoLibre
Se Alquila Duplex Nuevos Y Semi Nuevos  De 2 Dorm Con Lugar  P/ Auto Y Patio Al Fdo !!,"AVENIDA LEZICA ENTRE AVIADORES CIVILES Y CNO MELILLA 6680, Lezica, Montevideo",20900,$,2,1,60,https://http2.mlstatic.com/D_NQ_NP_2X_847566-MLU83052237231_032025-E.webp,MercadoLibre
Cabañas Los Bocana En Barra Del Chuy,"Barra Del Chuy, Rocha",900,$,1,1,28,https://http2.mlstatic.com/D_NQ_NP_2X_864110-MLU81026879267_112024-E.webp,MercadoLibre
Al Sur Sobre Calle Principal A Metros Arroyo Solis Y Playa Para 9 Personas  Wifi Directv Mesa Ping Pong Piscina Estructural Grande En Verano / Alquilo Fin De Semana O Mas Dias Y Temporada,"Calle C Entre 27 Y 28  SN, Parque Del Plata, Canelones",3900,$,3,3,120,https://http2.mlstatic.com/D_NQ_NP_2X_818937-MLU72997562305_112023-E.webp,MercadoLibre
Alquilo Solo Por Mercado Libre.atlántida Piscina Cimatiza,"66HX+266, 15200 Atlántida, Canelones Department, Uruguay, Atlántida, Canelones",140,US$,3,2,200,https://http2.mlstatic.com/D_NQ_NP_2X_819198-MLU95817174164_102025-E.webp,MercadoLibre
Las Toscas Sur Con Piscina Climatizada,"5 SN, Las Toscas, Canelones",6500,$,2,1,80,https://http2.mlstatic.com/D_NQ_NP_2X_656146-MLU92702026678_092025-E.webp,MercadoLibre
Casa De Alquiler Temporal En Barra De Chuy Con Vista Al Mar,"La Mano SN, Barra Del Chuy, Rocha",1700,$,2,1,82,https://http2.mlstatic.com/D_NQ_NP_2X_834173-MLU74069830988_012024-E.webp,MercadoLibre
Alquiler Casa Kiyu Piscina Climatizada Hasta 6 Personas,"Kiyú – Ordeig, Balneario Kiyú, San José",6000,$,3,1,66,https://http2.mlstatic.com/D_NQ_NP_2X_851526-MLU80598655197_112024-E.webp,MercadoLibre
"Habitaciones Residencia Estudiantil, Coliving","Soriano 1073, Centro, Montevideo",9500,$,N/A,10,300,https://http2.mlstatic.com/D_NQ_NP_2X_852236-MLU72464426633_102023-E.webp,MercadoLibre
"Habitaciones, Cuartos, Alojamiento, Residencia, Pension, Piezas, Hogar, Vista Al Mar","Río Negro 1093, Montevideo Departamento De Montevideo, Uruguay, Barrio Sur, Montevideo",8900,$,N/A,7,750,https://http2.mlstatic.com/D_NQ_NP_2X_649607-MLU69666099586_052023-E.webp,MercadoLibre
Casa En Barra Del Chuy Uruguay,"89 111, 27100 Puimayen, Departamento De Rocha, Uruguay, Barra Del Chuy, Rocha",1400,$,2,1,50,https://http2.mlstatic.com/D_NQ_NP_2X_867056-MLU48988320026_012022-E.webp,MercadoLibre
Residencia Estudiantil Femenina / Coliving Estudiantes / Renta De Habitaciones Para Estudiantes,"Simón Bolivar 1200 - 1500, Montevideo, Parque Batlle, Montevideo",10000,$,N/A,5,255,https://http2.mlstatic.com/D_NQ_NP_2X_686704-MLU88719136709_072025-E.webp,MercadoLibre
Peñarol !!!! Se Alquila Muy Linda Y Cómoda Propiedad !!!,"PEÑAROL BIEN UBICADA 0000, Peñarol, Montevideo",15900,$,2,1,45,https://http2.mlstatic.com/D_NQ_NP_2X_624675-MLU90971183036_082025-E.webp,MercadoLibre
"Casa En Piriapolis ,playa Grande Piscina Climatizada Leer","22 11, Piriápolis, Maldonado",2222,$,3,1,150,https://http2.mlstatic.com/D_NQ_NP_2X_959610-MLU78213896458_082024-E.webp,MercadoLibre
"Venta Casa 18 De Mayo, Las Piedras, 3 Dormitorios Con Renta","Olimar 26, 15900 18 De Mayo, Departamento De Canelones, Uruguay, Las Piedras, Canelones",40000,US$,3,1,80,https://http2.mlstatic.com/D_NQ_NP_2X_882982-MLU88442727409_072025-E.webp,MercadoLibre
Piriapolis; Cabaña Dos Dormitorios; Piscina Climatizada,"Calle 12 Entre La 8 Y La 9 Ente Parada 15 Y 14 La Tijereta, Playa Hermosa, Maldonado",75,US$,2,1,250,https://http2.mlstatic.com/D_NQ_NP_2X_904503-MLU46765418372_072021-E.webp,MercadoLibre
Alquiler Por Día/semana Colonia Del Sacramento,"Basilio Araujo 421, Colonia Del Sacramento, Colonia",1800,$,1,1,150,https://http2.mlstatic.com/D_NQ_NP_2X_741691-MLU47747833676_102021-E.webp,MercadoLibre
Hermosa Casa Super Completa Con Piscina A Metros De La Playa,"Cl Del Indio 1691, Punta Del Diablo, Rocha",1,US$,2,1,70,https://http2.mlstatic.com/D_NQ_NP_2X_930299-MLU52082149646_102022-E.webp,MercadoLibre
Ofertas 2025 Dueño Alquila Casas Y Apartamentos Frente Al Mar En Piriapolis Bloque 4,"Rbla. De Los Argentinos 4566, 20200 Piriápolis, Departamento De Maldonado, Uruguay, Piriápolis, Maldonado",2500,$,2,1,75,https://http2.mlstatic.com/D_NQ_NP_2X_887454-MLU79942362761_102024-E.webp,MercadoLibre
Alquilo Casita Para 4 Personas,"Calle 7 Entre Inter Y 28 SN, Atlántida, Canelones",1500,$,2,1,50,https://http2.mlstatic.com/D_NQ_NP_2X_822585-MLU94042497561_102025-E.webp,MercadoLibre
La Paloma . Frente Al Mar . Cabañas De Cara Al Sol,"FRENTE AL MAR LA AGUADA 2000, La Paloma, Rocha",3800,$,2,1,70,https://http2.mlstatic.com/D_NQ_NP_2X_713-MLU4711811449_072013-E.webp,MercadoLibre
"Casa En Alquiler, 3 Dormitorios, 2 Baños, Piscina Climatizada, Wifi A Metros De La Playa En San Francisco, Piriapolis","Calle Calandria Y Calle Yacaré - San Francisco, Piriápolis, San Francisco, Maldonado",2000,US$,3,2,74,https://http2.mlstatic.com/D_NQ_NP_2X_976509-MLU90559154685_082025-E.webp,MercadoLibre
"Alquiler Apartamento En Arcobaleno, Edificio Alfil, Punta","Francisco Acuña De Figueroa  SN, Playa Mansa, Punta Del Este, Maldonado",12,US$,1,1,41,https://http2.mlstatic.com/D_NQ_NP_2X_861287-MLU79143702122_092024-E.webp,MercadoLibre
Casa En Solanas!!! 4dor. Y 3bañ. Picina Pro.finde De Carnava,"P.Ballena Maldonado Solanas Vacation Club 118, Punta Del Este, Maldonado",150,US$,4,3,200,https://http2.mlstatic.com/D_NQ_NP_2X_663966-MLU43344828994_092020-E.webp,MercadoLibre
"Alquiler Casa Punta Del Diablo, Metros Playa, Vista Al Mar.","Laguna Negra 1285, Punta Del Diablo, Rocha",120,US$,3,2,125,https://http2.mlstatic.com/D_NQ_NP_2X_665503-MLU47564258575_092021-E.webp,MercadoLibre
Alquilo Piriapolis Linda Casa En Zona Recidensial Muy Cerca Del Mar 2 Dormitorios Amplios Cocina Completa Parrillero Aire Lugar Para El Auto Totalmente Equipada Para 6 Personas,"Avenida General Jose Gervasio Artigas & Las Piedras, Piriápolis, Maldonado",2899,$,2,1,121,https://http2.mlstatic.com/D_NQ_NP_2X_616022-MLU50539015570_072022-E.webp,MercadoLibre
"Casa De Campo La Serena, Cerro Pelado - Lavalleja","Sierras De Minas, Minas, Lavalleja",129,US$,2,1,120,https://http2.mlstatic.com/D_NQ_NP_2X_965820-MLU69569719099_052023-E.webp,MercadoLibre
Comodo Monoambiente Totalmente Equipado En Pocitos  A Mts Del Mar,"Manuel Vicente Pagola 3210, Montevideo Departamento De Montevideo, Uruguay, Pocitos, Montevideo",37,US$,1,1,30,https://http2.mlstatic.com/D_NQ_NP_2X_721735-MLU50199168529_062022-E.webp,MercadoLibre
Enero U$s 135 Dolares X Noche  Vista Lateral Playa 2 Aires Cable Parrillero 20 Metros Del Mar Playa Hermosa,"AVENIDA 25 METROS FRENTE CLUB FUERZA AEREA 0, Piriápolis, Maldonado",1950,$,2,1,95,https://http2.mlstatic.com/D_NQ_NP_2X_709566-MLU26529935470_122017-E.webp,MercadoLibre
"Moderno, Comodo & Seguro Disfruta Punta Dia Y Noche!!!","2 De Febrero, Punta Del Este Departamento De Maldonado, Uruguay, Península, Punta Del Este, Maldonado",70,US$,1,1,39,https://http2.mlstatic.com/D_NQ_NP_2X_869640-MLU44367623881_122020-E.webp,MercadoLibre
Alquiler Temporal En Península 2 Dorm Cochera Piscina Y Más,"El Estrecho Y El Mesana Punta Del Este, Punta Del Este, Maldonado",237,US$,2,1,51,https://http2.mlstatic.com/D_NQ_NP_2X_767404-MLU88098743907_072025-E.webp,MercadoLibre
"Espectacular Casa Frente Al Mar, En La Playa","Playa Serena 5 624, 27400 Puerto La Paloma, Departamento De Rocha, Uruguay, La Paloma, Rocha",140,US$,3,2,150,https://http2.mlstatic.com/D_NQ_NP_2X_615867-MLU80283735410_112024-E.webp,MercadoLibre
Penthouse Sobre Rambla Mansa Recién Reciclado,"Rambla Claudio Williman 13, Punta Del Este, Maldonado",125,US$,3,2,75,https://http2.mlstatic.com/D_NQ_NP_2X_629344-MLU46856326190_072021-E.webp,MercadoLibre
Alquilo Casa  La  Paloma Rocha.baja Tempo Y Alta .leer Descripción Sólo Temporal .temporal No Anual,"Calle 14 Y 3 SN, La Paloma, Rocha",1800,$,2,1,48,https://http2.mlstatic.com/D_NQ_NP_2X_821520-MLU40578564689_012020-E.webp,MercadoLibre
Alquilo Hermosa Cabaña De 2 Dormitorios En Barra Del Chui Brasil,"Rua B  339, Barra Del Chuy, Rocha",1500,$,2,1,55,https://http2.mlstatic.com/D_NQ_NP_2X_767532-MLU51788347515_102022-E.webp,MercadoLibre
Alquiler Casa Para 10 Personas A Excelente Precio En Las Toscas,"97 97, 15200 Las Toscas, Departamento De Canelones, Uruguay, Las Toscas, Canelones",10,$,3,2,100,https://http2.mlstatic.com/D_NQ_NP_2X_943116-MLU26516164184_122017-E.webp,MercadoLibre
Alquilo Cabaña En Kiyu,"Liebre Y Suri SN, Balneario Kiyú, San José",1200,$,2,1,60,https://http2.mlstatic.com/D_NQ_NP_2X_809584-MLU73594108692_122023-E.webp,MercadoLibre
Comoda Cabaña El Bambi  1y Media De Playa,"Los Aromos, La Coronilla, La Coronilla, Rocha",1800,$,2,1,65,https://http2.mlstatic.com/D_NQ_NP_2X_981890-MLU90743222424_082025-E.webp,MercadoLibre
Sobre 18 De Julio 2 Dormitorios.,"Av. 18 De Julio 1431, Montevideo, Cordón, Montevideo",18500,$,2,1,55,https://http2.mlstatic.com/D_NQ_NP_2X_643458-MLU95848232865_102025-E.webp,MercadoLibre
Verano 2026!!! Casa Para 4. P A Solo 50mts De La Rambla,"Calle 3 11, Santa Lucía Del Este, Canelones",2800,$,2,1,50,https://http2.mlstatic.com/D_NQ_NP_2X_675047-MLU80842480071_112024-E.webp,MercadoLibre
Esquina De La Viuda,"Queway 2090, Punta Del Diablo, Rocha",75,US$,2,1,75,https://http2.mlstatic.com/D_NQ_NP_2X_780594-MLU90651749006_082025-E.webp,MercadoLibre
Casa Nafran  Villa Serrana - Leer Descripción.,"Villa Serrana Departamento De Lavalleja, Uruguay, Villa Serrana, Lavalleja",4000,$,2,1,100,https://http2.mlstatic.com/D_NQ_NP_2X_761952-MLU95980501586_102025-E.webp,MercadoLibre
Cabaña Frente Al Mar,"Cachimba Y Faroles  A51, Aguas Dulces, Rocha",2900,$,2,1,80,https://http2.mlstatic.com/D_NQ_NP_2X_805369-MLU83590211178_042025-E.webp,MercadoLibre
Alquiler Anual - Invernal O Temporada - Apartamento 3 Dormitorios En Suite Y Dependencia - Edificio Aquarela - Playa Mansa,"Playa Mansa, Parada 18, Rambla Williman, Aquarela Tower, Punta Del Este, Uruguay. 20005, Playa Mansa, Punta Del Este, Maldonado",8000,US$,3,5,152,https://http2.mlstatic.com/D_NQ_NP_2X_623609-MLU90654833165_082025-E.webp,MercadoLibre
Muy Cómoda A Una Del Mar,"Lavalleja 52, 15300 Costa Azul, Departamento De Canelones, Uruguay, Costa Azul, Canelones",1800,$,2,1,70,https://http2.mlstatic.com/D_NQ_NP_2X_979510-MLU26734452411_012018-E.webp,MercadoLibre
"Alquila Fines De Semana Casa Frente Al Mar, Pta Ballena","Las Grutas, Punta Ballena 000, Punta Del Este, Maldonado",200,US$,4,3,180,https://http2.mlstatic.com/D_NQ_NP_2X_887519-MLU42666297627_072020-E.webp,MercadoLibre
Monoambiente Completo Barra Del Chuy Uruguay Parada 18,"55 113, 27100 Puimayen, Departamento De Rocha, Uruguay, Barra Del Chuy, Rocha",1000,$,1,1,100,https://http2.mlstatic.com/D_NQ_NP_2X_682342-MLU54980639522_042023-E.webp,MercadoLibre
Alquiler Duplex 2 Dormitorios Patio Parrillero Impecable,"Juan D. Jackson 1143, Montevideo, Palermo, Montevideo",30000,$,2,1,60,https://http2.mlstatic.com/D_NQ_NP_2X_911710-MLU88903777205_072025-E.webp,MercadoLibre
Casa En Alquiler En Ciudad De La Costa,"Bahía 1711, 15002 Ciudad De La Costa, Departamento De Canelones, Uruguay, Shangrilá, Ciudad De La Costa, Canelones",22000,$,1,1,28,https://http2.mlstatic.com/D_NQ_NP_2X_652725-MLU94778981128_102025-E.webp,MercadoLibre
"Apartamento De 2 Dormitorios Con Balcón- Ventura Terrazas, La Blanqueada","Monte Caseros 2870, Montevideo, La Blanqueada, Montevideo",36800,$,2,1,53,https://http2.mlstatic.com/D_NQ_NP_2X_811458-MLU93097798859_092025-E.webp,MercadoLibre
Oficinas Y Despachos Individuales En Alquiler,"Avenida General Rondeau, Aguada, Montevideo",8500,$,N/A,3,15,https://http2.mlstatic.com/D_NQ_NP_2X_734077-MLU79812283376_102024-E.webp,MercadoLibre
"Apartamento 2 Dormitorios Con Terraza - Ventura Boulevard, Buceo","Felipe Sanguinetti 2179, Montevideo, Buceo, Montevideo",36000,$,2,1,51,https://http2.mlstatic.com/D_NQ_NP_2X_667061-MLU93380451557_092025-E.webp,MercadoLibre
Residencia Pensión Estudiantiles Cordón,"Paysandu 1905, Cordón, Montevideo",7500,$,N/A,3,320,https://http2.mlstatic.com/D_NQ_NP_2X_946900-MLU71542760948_092023-E.webp,MercadoLibre
Apartamento 2 Dormitorios + Patio + Garage - Buceo,"Bv. José Batlle Y Ordóñez 2428, Montevideo, Buceo, Montevideo",41900,$,2,1,51,https://http2.mlstatic.com/D_NQ_NP_2X_811623-MLU93307068565_092025-E.webp,MercadoLibre
Alquiler Local Comercial Cordón Zona Diseño 103 Mts.,"Av.Gral Rivera 2140, Montevideo, Cordón, Montevideo",39000,$,N/A,1,103,https://http2.mlstatic.com/D_NQ_NP_2X_989960-MLU94053346769_102025-E.webp,MercadoLibre
Alquilo. Son Casas Nuevas Cómodas Y Totalmente Equipadas A 3 Cuadras De La Mejor Playa Hermosa Zona Muy Tranquila Con Super Y Parada Cerca,"C. 1 6278, 20200 Playa Grande, Departamento De Maldonado, Uruguay, Piriápolis, Maldonado",100,US$,2,1,60,https://http2.mlstatic.com/D_NQ_NP_2X_890558-MLU94676799140_102025-E.webp,MercadoLibre
"Apartamento Aidy Grill, Punta Del Este. Reservá Ahora, No Te Lo Pierdas!! | Alquiler Temporal - 1 Dormitorio","3339+Q76, Orinoco, 20100 Punta Del Este, Departamento De Maldonado, Uruguay, Aidy Grill, Punta Del Este, Maldonado",100,US$,1,1,37,https://http2.mlstatic.com/D_NQ_NP_2X_957481-MLU82399848654_022025-E.webp,MercadoLibre
Apartamento Alquiler Tres Cruces Con Cochera,"Eduardo Víctor Haedo 1667, 11200 Montevideo, Departamento De Montevideo, Uruguay, Tres Cruces, Montevideo",31500,$,1,1,35,https://http2.mlstatic.com/D_NQ_NP_2X_778159-MLU94775289016_102025-E.webp,MercadoLibre
Habitaciones Individuales Y Compartidas Con Baño Privado,"Salto 1282, Centro, Montevideo",10000,$,N/A,13,300,https://http2.mlstatic.com/D_NQ_NP_2X_916762-MLU46186450819_052021-E.webp,MercadoLibre
"Apt. Totalmente Remodelado,sin Gastos Comunes, Cercanias De Avd Gral.flores, Facultad Medicina, Quimica, Mam, Zona Mayorista, Exlocomoción, Todos Los Servicios","Dr. Domingo Aramburu 1500 - 1800, Montevideo, Goes, Montevideo",27500,$,2,1,65,https://http2.mlstatic.com/D_NQ_NP_2X_614130-MLU85731754520_062025-E.webp,MercadoLibre
Alquiler Apartamento Monoambiente En Punta Carretas Con Terraza,"Av. Sarmiento Y Franzini, Punta Carretas, Montevideo",23900,$,1,1,28,https://http2.mlstatic.com/D_NQ_NP_2X_947572-MLU92453953878_092025-E.webp,MercadoLibre
Apartamento Alquiler Tres Cruces,"Acevedo Díaz 1665, 11200 Montevideo, Departamento De Montevideo, Uruguay, Tres Cruces, Montevideo",22800,$,N/A,1,27,https://http2.mlstatic.com/D_NQ_NP_2X_720835-MLU95210403673_102025-E.webp,MercadoLibre
"Residencia Estudiantil Femenina, Hogar Estudiantil","Agraciada 2313, Aguada, Montevideo",8500,$,12,4,400,https://http2.mlstatic.com/D_NQ_NP_2X_691874-MLU30934951592_062019-E.webp,MercadoLibre
Alquiler De Apartamento Tipo Duplex Dos Dormitorios En Calle La Paz. Cordón. Villa Muñoz,"La Paz 2016, Montevideo, Cordón, Montevideo",27000,$,2,2,48,https://http2.mlstatic.com/D_NQ_NP_2X_772098-MLU92978727843_092025-E.webp,MercadoLibre
"Alquiler 1 Dormitorio A Estrenar + Balcón - Tres Cruces, Ventura Go","Acevedo Díaz Esq, 11200 Montevideo, Departamento De Montevideo, Uruguay, Tres Cruces, Montevideo",28600,$,1,1,46,https://http2.mlstatic.com/D_NQ_NP_2X_891991-MLU91624390488_092025-E.webp,MercadoLibre
Dueño Alquila Depósito / Galpón Logistico 1.000 M²  - En Parque Logístico - (9 M De Altura Libre) En Ruta 101 25km - Entrega 11/2025,"Ruta 101 9000, 15500 Departamento De Canelones, Uruguay, Barros Blancos, Canelones",7000,US$,N/A,1,1,https://http2.mlstatic.com/D_NQ_NP_2X_721850-MLU92880009859_092025-E.webp,MercadoLibre
Alquiler Apartamento Un Dormitorio Maroñas,"Alférez Real 2571, Montevideo, Maroñas, Montevideo",12000,$,1,1,25,https://http2.mlstatic.com/D_NQ_NP_2X_744145-MLU95935513803_102025-E.webp,MercadoLibre
Alquiler Apartmento De Un Dormitorios En Punta De Rieles,"Archidona 6520, Montevideo, Punta Rieles, Montevideo",12000,$,1,1,40,https://http2.mlstatic.com/D_NQ_NP_2X_969723-MLU95361551069_102025-E.webp,MercadoLibre
Casa En Alquiler En El Pinar Con Jardín Y Parrillero,"Dick Hughes Y Esperanza, 15800 Ciudad De La Costa, Departamento De Canelones, Uruguay, El Pinar, Canelones",16800,$,1,1,35,https://http2.mlstatic.com/D_NQ_NP_2X_697232-MLU93859592876_102025-E.webp,MercadoLibre
Se Alquila Oficina Ciudad Vieja,"Zabala 1379, Ciudad Vieja, Montevideo",8500,$,N/A,1,25,https://http2.mlstatic.com/D_NQ_NP_2X_646413-MLU87795163810_072025-E.webp,MercadoLibre
Casa Tristan- Residencia Estudiantil En Centro De Motevideo,"Dr. Tristán Narvaja 1632, Montevideo, Cordón, Montevideo",10000,$,N/A,N/A,20,https://http2.mlstatic.com/D_NQ_NP_2X_940756-MLU83648926519_042025-E.webp,MercadoLibre
"Apartamento De 1 Dormitorio Equipado + Garage - Ventura Boulevard, Buceo","Bv. José Batlle Y Ordóñez 2427, Montevideo, Buceo, Montevideo",37000,$,1,1,36,https://http2.mlstatic.com/D_NQ_NP_2X_682192-MLU92972696598_092025-E.webp,MercadoLibre
Alquiler Apartamento Duplex 2 Dormitorios Patio Parrillero,"Juan D. Jackson 1138, 11200 Montevideo, Departamento De Montevideo, Uruguay, Palermo, Montevideo",30000,$,2,1,60,https://http2.mlstatic.com/D_NQ_NP_2X_825547-MLU94555051975_102025-E.webp,MercadoLibre
Alquiler 1 Dormitorio + Balcón + Garage - La Blanqueada,"Av. Luis Alberto De Herrera 2592, 11600 Montevideo, Departamento De Montevideo, Uruguay, La Blanqueada, Montevideo",30500,$,1,1,37,https://http2.mlstatic.com/D_NQ_NP_2X_762497-MLU91035091274_092025-E.webp,MercadoLibre
Local Comercial C/ Estacionamientos Propios A Pasos De Arocena,"Carlos Federico Saez 6422, Montevideo, Carrasco, Montevideo",72000,$,N/A,1,45,https://http2.mlstatic.com/D_NQ_NP_2X_814698-MLU89045848459_072025-E.webp,MercadoLibre
Casa En San Gregorio De Polanco,"Gral. Jose Gervasio Artigas 55, San Gregorio De Polanco, San Gregorio De Polanco, Tacuarembó",2400,$,2,1,220,https://http2.mlstatic.com/D_NQ_NP_2X_700716-MLU81195574857_122024-E.webp,MercadoLibre
"Alquiler Apartamento Sin Gastos Comunes, Reciclado.","Gral. Felipe Fraga 2198, 11800 Montevideo, Departamento De Montevideo, Uruguay, Aguada, Montevideo",33300,$,2,1,62,https://http2.mlstatic.com/D_NQ_NP_2X_655958-MLU94795920492_102025-E.webp,MercadoLibre
Ideal Estudiantes!!! A 5 Cuadras De 3 Cruces!!,"Ibirapitá 2739, Montevideo, Tres Cruces, Montevideo",28000,$,3,1,75,https://http2.mlstatic.com/D_NQ_NP_2X_950458-MLU84704002793_052025-E.webp,MercadoLibre
"Dueño Alquila Monoambiente En P. Carretas, Patio Exclusivo","Francisco Solano Antuña 2674, Montevideo, Punta Carretas, Montevideo",25000,$,1,1,70,https://http2.mlstatic.com/D_NQ_NP_2X_761835-MLU95386424916_102025-E.webp,MercadoLibre
Sin Garantía.malvinfrente Playa.todos Los Gastos Incluidos,"Rio De La Plata 1394, Malvin, Montevideo",28000,$,1,1,30,https://http2.mlstatic.com/D_NQ_NP_2X_701739-MLU89231923969_082025-E.webp,MercadoLibre
Linda Casa En Montoya - Punta Del Este,"Punta Del Este, Maldonado",1600,US$,3,3,200,https://http2.mlstatic.com/D_NQ_NP_2X_765644-MLU93305344887_092025-E.webp,MercadoLibre
Alquiler De Apartamento Por Temporada En Punta Del Este,"Luxemburgo MARTINIANO CHIOSSI, Maldonado, Playa Mansa, Punta Del Este, Maldonado",200,US$,2,2,3,https://http2.mlstatic.com/D_NQ_NP_2X_932939-MLU94884142675_102025-E.webp,MercadoLibre
2 O 3 Dorm Al Frente Reciclado. Excelente Ubicación,"Paysandú 1164, Montevideo, Centro, Montevideo",22500,$,2,1,65,https://http2.mlstatic.com/D_NQ_NP_2X_838607-MLU93441689080_092025-E.webp,MercadoLibre
"Casa Para 10, 6 Y 4 Personas! Bajamos Los Precios!!! Balneario Artilleros A 1000 Metros Del Parque Acuatico!","Camino La Balsa, Calle 3, Artilleros, Colonia",2000,$,2,1,45,https://http2.mlstatic.com/D_NQ_NP_2X_725355-MLU71827431200_092023-E.webp,MercadoLibre
Se Alquila Casa En Atlántida Sur Con Vista Al Mar En Temporada Alta Y Baja,"Rambla Y Arbol De Judea  SN, Atlántida, Canelones",11111,US$,3,4,350,https://http2.mlstatic.com/D_NQ_NP_2X_684411-MLU80508989646_112024-E.webp,MercadoLibre
Con Estufa A Leña!! Acepta Mascota  A La Calle Con Balcon,"Juan Ramón Gómez 2756, Montevideo, La Blanqueada, Montevideo",24800,$,1,1,55,https://http2.mlstatic.com/D_NQ_NP_2X_936879-MLU92442773273_092025-E.webp,MercadoLibre
Alquilo Casa 2 Dormitorios Barra Del Chui Brasil .,"59 3000, 27100 Puimayen, Departamento De Rocha, Uruguay, Barra Del Chuy, Rocha",1500,$,2,1,65,https://http2.mlstatic.com/D_NQ_NP_2X_733550-MLU51788257709_102022-E.webp,MercadoLibre
"Alquiler Temporal A Metros De La Playa, Cerca De Todo Y En Una De Las Zonas Más Lindas Y Accesibles Del Balneario Marindia.","De Las Sirenas 904, 15100 Marindia, Departamento De Canelones, Uruguay, Marindia, Canelones",3800,$,1,1,90,https://http2.mlstatic.com/D_NQ_NP_2X_991948-MLU94219445953_102025-E.webp,MercadoLibre
Alquilo Casa Con Piscina Climatizada Para 4 Personas,"Calle Mirasoles Y Baltasar Brum  SN, San Luis, Canelones",5000,$,2,1,100,https://http2.mlstatic.com/D_NQ_NP_2X_854809-MLU89685859288_082025-E.webp,MercadoLibre
Alquilo  Casa En Rocha  A 2 Cuadras De La Playa,"1 Y 25 1044, Balneario La Esmeralda, Rocha",3000,$,2,1,300,https://http2.mlstatic.com/D_NQ_NP_2X_700414-MLU95627878684_102025-E.webp,MercadoLibre
"Dueño Alquila: Vista Al Mar, 2d 2b Y Garage, Luminoso, Casi Nuevo, A Media Cuadra Del Mar Y Del Parque Villa Biarritz","José Vázquez Ledesma 3060, Montevideo, Pocitos, Montevideo",64500,$,2,2,95,https://http2.mlstatic.com/D_NQ_NP_2X_984830-MLU90983739648_082025-E.webp,MercadoLibre
Amplias Y Luminosas Habitaciones Privadas Y Compartidas En Zona Céntrica De Montevideo.,"Magallanes 1544, Montevideo, Cordón, Montevideo",7300,$,N/A,5,25,https://http2.mlstatic.com/D_NQ_NP_2X_835601-MLU83646639646_042025-E.webp,MercadoLibre
Alquiler Casa Punta Del Diablo.,"Calle 3 Y 20 SN, Punta Del Diablo, Rocha",70,US$,2,1,70,https://http2.mlstatic.com/D_NQ_NP_2X_848707-MLU81903421808_012025-E.webp,MercadoLibre
"Barrio Colón. Sobre Calle César Mayo Gutiérrez Casi Fernando Menk. Casa De Altos De Un Dorm, Amplio Living Comedor, Cocina Y Baño Impecables, Acceso A Azotea Utilizable Y Lugar Para Un Auto !!!!!","Cesar Mayo Gutierrez Y Fernando Mel, 12400 Montevideo, Departamento De Montevideo, Uruguay, Colón, Montevideo",19500,$,1,1,55,https://http2.mlstatic.com/D_NQ_NP_2X_839791-MLU92612486180_092025-E.webp,MercadoLibre
"Penthouse En El Corazón De Pocitos, Con Parrillero Y Garage","Miguel Barreiro 3210, Montevideo, Pocitos, Montevideo",65000,$,3,2,110,https://http2.mlstatic.com/D_NQ_NP_2X_908013-MLU95273833862_102025-E.webp,MercadoLibre
"Penthouse En El Corazón De Pocitos, Con Parrillero Y Garage","Miguel Barreiro 3210, Montevideo, Pocitos, Montevideo",65000,$,3,2,110,https://http2.mlstatic.com/D_NQ_NP_2X_908013-MLU95273833862_102025-E.webp,MercadoLibre
Pocitos Alquiler Local Comercial Con Vidriera Y Deposito,"Galeria Del Edificio Torre De La Plaza, Gabriel Pereira 3111, Montevideo, Pocitos, Montevideo",58000,$,N/A,1,50,https://http2.mlstatic.com/D_NQ_NP_2X_833144-MLU92694766003_092025-E.webp,MercadoLibre
Julio Ma Sosa Esquina Maggiollo.- Frente Al Golf. Living Y Comedor. Estar Diario. Estufa A Lena Y Parrillero. Calefaccion Central Por Loza Radiante. 2 Garages Fijos. Contrato Dos Años  Admite Mascota.,"Av. Julio Maria Sosa, Montevideo, Punta Carretas, Montevideo",2400,US$,4,4,200,https://http2.mlstatic.com/D_NQ_NP_2X_798567-MLU94811598068_102025-E.webp,MercadoLibre
"Excelente Casa Al Frente En Barrio Los Bulevares. Vecindario Tranquilo. Próximo A Luis Batlle Berres Y La Uam. A Media Cuadra Líneas De Bus Y Cuadra Y Media De Super, Panadería Y Red De Cobranzas.","El Asentamiento 7574, Montevideo, Paso De La Arena, Montevideo",22000,$,2,1,70,https://http2.mlstatic.com/D_NQ_NP_2X_769764-MLU91882883021_092025-E.webp,MercadoLibre
"Residencia Estudiantil De Época, Excelente Ubicacion","Montevideo, Centro",10000,$,N/A,3,400,https://http2.mlstatic.com/D_NQ_NP_2X_693630-MLU83530021542_042025-E.webp,MercadoLibre
Casa En Alquiler Playa Hermosa,"Playa Hermosa, Piriápolis, Maldonado",2800,$,2,1,71,https://http2.mlstatic.com/D_NQ_NP_2X_896527-MLU93877102090_102025-E.webp,MercadoLibre
Centro A Estrenar! Uruguay Y Gaboto P Alto Balcon Muy Luminoso  Gge Fijo!,"Av. Uruguay 1583, Montevideo, Centro, Montevideo",30000,$,1,1,43,https://http2.mlstatic.com/D_NQ_NP_2X_724414-MLU96197201568_102025-E.webp,MercadoLibre
Casa De Piedra Guazuvira,"Espinillos SN, Guazú-Virá, Canelones",3000,$,3,2,250,https://http2.mlstatic.com/D_NQ_NP_2X_692214-MLU88930981512_082025-E.webp,MercadoLibre
"Cabaña De Troncos, Temporada, Parrillero, Piscina Climatizad","67 7155, 20200 Bella Vista, Departamento De Maldonado, Uruguay, Bella Vista, Maldonado",120,US$,2,1,160,https://http2.mlstatic.com/D_NQ_NP_2X_970963-MLU52850711885_122022-E.webp,MercadoLibre
Departamento De Lujo En Ocean Drive  Av. Roosevelt,"Av Roosevelt  SN, Playa Brava, Punta Del Este, Maldonado",480,US$,3,3,1,https://http2.mlstatic.com/D_NQ_NP_2X_847624-MLU91414205689_092025-E.webp,MercadoLibre
"Apto.2 Dormitorios, Garage, Gimnasio, Piscina, Barbacoa","Samuel Blixen 4460, Montevideo, Malvin, Montevideo",40000,$,2,1,65,https://http2.mlstatic.com/D_NQ_NP_2X_947343-MLU93413462031_092025-E.webp,MercadoLibre
"Se Alquila En Punta Del Este Por Temporada Hermoso Y Cómodo Apartamento Ubicado En El Complejo Arcobaleno, A Tres Cuadras De La Playa Mansa Parada 16.","BUS - (0441), Benito Fajardo, 20005 Maldonado, Departamento De Maldonado, Uruguay, Cantegril, Punta Del Este, Maldonado",12,US$,1,1,42,https://http2.mlstatic.com/D_NQ_NP_2X_751601-MLU94816627562_102025-E.webp,MercadoLibre
Apartamento En Alquiler Primera Fila Al Mar. Vista Directa. Brava,"BUS 0770, 10, 20100 Punta Del Este, Departamento De Maldonado, Uruguay, Playa Brava, Punta Del Este, Maldonado",15,US$,2,2,80,https://http2.mlstatic.com/D_NQ_NP_2X_797036-MLU92295651532_092025-E.webp,MercadoLibre
"Alquiler / Consultorios / Pocitos , Para Uso Exclusivo, Excelente Ubicaciòn A Dos Cuadras De Las Principales Avenidas Y Centro De Estudios Universitarios.","Gral. Arquitecto Alfredo Baldomir, Montevideo, Pocitos, Montevideo",15500,$,1,2,12,https://http2.mlstatic.com/D_NQ_NP_2X_797137-MLU94275138835_102025-E.webp,MercadoLibre
Alquilo Hermoso Apto De 2 Dormitorios Y Excelentes Amenities En Las Torres Del Prado,"Montevideo, Prado",35000,$,2,1,65,https://http2.mlstatic.com/D_NQ_NP_2X_967905-MLU95702747761_102025-E.webp,MercadoLibre
"Muy Lindo Apartamento De Tres Dormitorios, Dos Baños, Terrazas, Cocina Definida,garaje Para Dos Autos","Carlos Anaya 3074, Montevideo, La Blanqueada, Montevideo",43000,$,3,2,78,https://http2.mlstatic.com/D_NQ_NP_2X_675309-MLU94687505682_102025-E.webp,MercadoLibre
Casas Alquiler Anual 2 Dormitorios - C101722,"Calle 15, Playa Verde, Maldonado",18000,$,2,1,40,https://http2.mlstatic.com/D_NQ_NP_2X_611459-MLU91136816920_092025-E.webp,MercadoLibre
Alquilo Cabaña Frente Al Mar Por Dia Barra Del Chui Lado Bra,"Arrayanes SN, Barra Del Chuy, Rocha",1500,$,1,1,40,https://http2.mlstatic.com/D_NQ_NP_2X_731535-MLU79995173986_102024-E.webp,MercadoLibre
Residencia Estudiantil Femenina  New House,"José Pedro Varela  1123, Paysandú",10000,$,N/A,2,N/A,https://http2.mlstatic.com/D_NQ_NP_2X_904448-MLU80906484701_112024-E.webp,MercadoLibre
"Casa Para Veranear En Costa Azul, Descanso Arena Y Sol.","Costa Azul, Canelones",1500,$,2,1,50,https://http2.mlstatic.com/D_NQ_NP_2X_761734-MLU80810533690_112024-E.webp,MercadoLibre
"Alquiler Apartamentos, Casas Termas Del Dayman",Salto,1200,$,1,1,50,https://http2.mlstatic.com/D_NQ_NP_2X_625882-MLU50059255508_052022-E.webp,MercadoLibre
Alquilo Apto En  Pando Esq.- Rivadavia.- Al Frente Con Entrada Independiente.- Dos Habitaciones + Otra Auxiliar. Patio Acepta Mascota.,"Pando 2627, Montevideo, Reducto, Montevideo",16500,$,2,1,55,https://http2.mlstatic.com/D_NQ_NP_2X_827529-MLU93947260394_102025-E.webp,MercadoLibre
"Alquiler Casa Progreso 3 Dormitorios, Cochera Techada","Montevideo 22, 15900 Progreso, Departamento De Canelones, Uruguay, Progreso, Canelones",22500,$,3,120,100,https://http2.mlstatic.com/D_NQ_NP_2X_700498-MLU93027972129_092025-E.webp,MercadoLibre
Dño Exel Apto 115 M2 P 6  Pisos Plastifi Aa Y Loza  Luminoso,"Blanca Del Tabare 2927, Villa Biarritz, Montevideo",57000,$,3,2,115,https://http2.mlstatic.com/D_NQ_NP_2X_711703-MLU86157683726_062025-E.webp,MercadoLibre
Alquilo Casa En Balneario Bsas Con Piscina Climatizada,"Calle 22 Entre La 48 Y La 49 SN, Balneario Buenos Aires, Maldonado",350,US$,3,2,250,https://http2.mlstatic.com/D_NQ_NP_2X_706195-MLU85458804019_052025-E.webp,MercadoLibre
"Cabaña Loretta Con Comodidades Para Una Familia.cuenta Con Cosina Comedor, Baño, Cuarto,parrillero, Microondas, Tv, Wifi ,jardin, Cochera.esta A 4 Cuadras Del Centro Y De La Playa Del Rivero Y Viuda","Punta Del Diablo, Rocha",74,US$,1,1,360,https://http2.mlstatic.com/D_NQ_NP_2X_773221-MLU93931456938_102025-E.webp,MercadoLibre
"Monoambiente  Al Frente Vista Al Parque, Cerca De 5 Facultades, Gran Vista, Excelente","C. Joaquin De Salterain 929, Montevideo, Parque Rodó, Montevideo",16800,$,1,1,20,https://http2.mlstatic.com/D_NQ_NP_2X_701755-MLU86737962504_072025-E.webp,MercadoLibre
Residencia Estudiantil Femenina Habitación Individual Cordón,"José Enrique Rodó Y Pablo De María  SN, Cordón, Montevideo",11000,$,N/A,3,100,https://http2.mlstatic.com/D_NQ_NP_2X_673354-MLU70236100998_072023-E.webp,MercadoLibre
Alquilo Casa Costa Azul A 2 Cuadras Y Media De La Playa     Aceptamos Mascotas,"Storni Entre Lueiro Y Asturias 000, Costa Azul, Canelones",2000,$,2,1,48,https://http2.mlstatic.com/D_NQ_NP_2X_602263-MLU73158003665_112023-E.webp,MercadoLibre
Residencia Estudiantil Femenina Habitación Compartida De A 2,"Colonia 887, Centro, Montevideo",11200,$,N/A,3,200,https://http2.mlstatic.com/D_NQ_NP_2X_895582-MLU91502486299_092025-E.webp,MercadoLibre
"En El Corazon De Cordon Sur, Hermoso Apto De 2 Dormitorios. Piso Alto Muy Luminoso Y Vista Despejada En Todos Los Ambientes.","Dr. Joaquín Requena 1384, Montevideo, Centro, Montevideo",32000,$,2,1,54,https://http2.mlstatic.com/D_NQ_NP_2X_671073-MLU96050020713_102025-E.webp,MercadoLibre
Casa En Alquiler Santa Ana Con Aire Acondicionado,"Calle 17 A Media Cuadra De La 22 SN, Santa Ana, Canelones",3000,$,2,1,100,https://http2.mlstatic.com/D_NQ_NP_2X_610945-MLU79922428066_102024-E.webp,MercadoLibre
Deposito De Hormigón Premoldeado En Alquiler De 4400m2,"Cam. Edison 4198, 12900 Montevideo, Departamento De Montevideo, Uruguay, Casavalle, Montevideo",25000,US$,N/A,10,5,https://http2.mlstatic.com/D_NQ_NP_2X_754452-MLU82683010131_022025-E.webp,MercadoLibre
Alquilo Casa En Barra Del Chuy,"38 Las Camelias Esquina Madreselva  SN, Barra Del Chuy, Rocha",2200,$,1,1,450,https://http2.mlstatic.com/D_NQ_NP_2X_714449-MLU80777521461_112024-E.webp,MercadoLibre
Venta 2 Dormitorios Con   Patio Centro Alquilado,"Mercedes & Ejido, Montevideo Departamento De Montevideo, Uruguay, Centro, Montevideo",109000,US$,2,1,60,https://http2.mlstatic.com/D_NQ_NP_2X_677360-MLU70219467504_062023-E.webp,MercadoLibre
"Plaza Italia, Apartamento Soleado Y Cálido, 2 Dormitorios, Impecable Para Entrar.","Samuel Blixen 4372, Montevideo, Malvin, Montevideo",33600,$,2,1,50,https://http2.mlstatic.com/D_NQ_NP_2X_635131-MLU89586680221_082025-E.webp,MercadoLibre
Residencia Estudiantil Jovenes Hospedaje Pension Universidad,"Maldonado 2077, Parque Rodó, Montevideo",8500,$,N/A,N/A,300,https://http2.mlstatic.com/D_NQ_NP_2X_956670-MLU44815807140_022021-E.webp,MercadoLibre
"Alquiler Temporada Atlántida, Casa 2 Dormitorios.","Atlántida, Canelones",2200,$,2,1,60,https://http2.mlstatic.com/D_NQ_NP_2X_903419-MLU94979981009_102025-E.webp,MercadoLibre
Alquiler De 2 Dormitorios En La Blanqueada - Ventura Terrazas 505,"Monte Caseros 2870, Montevideo, La Blanqueada, Montevideo",36000,$,2,1,56,https://http2.mlstatic.com/D_NQ_NP_2X_744568-MLU92793212844_092025-E.webp,MercadoLibre
"Pension, Residencia, Habitaciones,hombres","Carlos Reyles 1831, La Comercial, Montevideo",5500,$,5,3,200,https://http2.mlstatic.com/D_NQ_NP_2X_847637-MLU41166222688_032020-E.webp,MercadoLibre
Pension - Residencia  La Hogareña ( Hab. Ind. O Pareja),"Minas SN, Centro, Montevideo",9000,$,N/A,4,400,https://http2.mlstatic.com/D_NQ_NP_2X_955112-MLU74486520677_022024-E.webp,MercadoLibre
Casa Contenedor De Tres Dormitorios A Estrenar Lomas De Solymar,"Giannattasio Y Bolinas Parada 28, 15800 Ciudad De La Costa, Departamento De Canelones, Uruguay, Lomas De Solymar, Canelones",26500,$,3,1,100,https://http2.mlstatic.com/D_NQ_NP_2X_600360-MLU95971517507_102025-E.webp,MercadoLibre
Alquilo Monoambiente  En  Edificio Green Tower Frente A Plaza Fabini !!,"Río Negro 1376, Montevideo, Centro, Montevideo",19500,$,1,1,37,https://http2.mlstatic.com/D_NQ_NP_2X_669623-MLU96375762567_102025-E.webp,MercadoLibre
Habitaciones En Residencia Estudiantil Tres Cruces,"Juan Ramón Gómez 2514, Montevideo Departamento De Montevideo, Uruguay, Tres Cruces, Montevideo",9500,$,N/A,4,400,https://http2.mlstatic.com/D_NQ_NP_2X_878098-MLU71072129251_082023-E.webp,MercadoLibre
Inmobiliaria Castro Alquila Apartamento En Shangila,"Clavel 10, 15000 Ciudad De La Costa, Departamento De Canelones, Uruguay, Shangrilá, Canelones",22000,$,2,1,90,https://http2.mlstatic.com/D_NQ_NP_2X_869104-MLU82248648968_022025-E.webp,MercadoLibre
Alquiler Casas A Estrenar En Pando,"25 De Agosto 746, 15600 Pando, Departamento De Canelones, Uruguay, Pando, Canelones",19000,$,2,1,75,https://http2.mlstatic.com/D_NQ_NP_2X_819419-MLU93732179326_102025-E.webp,MercadoLibre
Alquiler Local Comercial En Palermo Canelones 1529 Esquina Salto,"Pdte. Berro 2651, Montevideo, Tres Cruces, Montevideo",23000,$,N/A,1,30,https://http2.mlstatic.com/D_NQ_NP_2X_872295-MLU96065404103_102025-E.webp,MercadoLibre
Confortable Casa En Barrio Country De La Paloma,"Algarrobo, La Paloma Departamento De Rocha, Uruguay, La Paloma, Rocha",13,US$,2,2,60,https://http2.mlstatic.com/D_NQ_NP_2X_710945-MLU79552394571_092024-E.webp,MercadoLibre
Alquiler Local Comercial En Palermo Canelones 1529 Esquina Salto,"Pdte. Berro 2651, Montevideo, Tres Cruces, Montevideo",23000,$,N/A,1,30,https://http2.mlstatic.com/D_NQ_NP_2X_872295-MLU96065404103_102025-E.webp,MercadoLibre
Confortable Casa En Barrio Country De La Paloma,"Algarrobo, La Paloma Departamento De Rocha, Uruguay, La Paloma, Rocha",13,US$,2,2,60,https://http2.mlstatic.com/D_NQ_NP_2X_710945-MLU79552394571_092024-E.webp,MercadoLibre
Alquiler De Apartamento Casa En Paso De Los Toros.,"Ernesto Perez 464, 45100 Paso De Los Toros Departamento De Tacuarembó, Uruguay, Paso De Los Toros, Tacuarembó",2000,$,1,1,40,https://http2.mlstatic.com/D_NQ_NP_2X_889936-MLU48669824002_122021-E.webp,MercadoLibre
Oficina Y/o Consultorio A 50 Mts De Arocena,"Carlos Federico Saez 6421, 11500 Montevideo, Departamento De Montevideo, Uruguay, Carrasco, Montevideo",25000,$,N/A,2,15,https://http2.mlstatic.com/D_NQ_NP_2X_957032-MLU80704808576_112024-E.webp,MercadoLibre
Alquiler Apartamento La Blanqueada 2 Dormitorios,"Av 8 De Octubre  3174, La Blanqueada, Montevideo",23000,$,2,1,50,https://http2.mlstatic.com/D_NQ_NP_2X_739753-MLU91148515848_092025-E.webp,MercadoLibre
"Alquilo Apartamento De 1 Dormitorio, Amoblado, Con Terraza En Pocitos","Av. Dr. Francisco Soca 1325, Montevideo, Pocitos, Montevideo",32000,$,1,1,45,https://http2.mlstatic.com/D_NQ_NP_2X_644669-MLU94366906785_102025-E.webp,MercadoLibre
"Luminoso Apartamento En Buceo, A 4 Cuadras Del Montevideo Shopping. 3 Dormitorios, 1 Baño, Cocina Y Living-comedor. Zona Tranquila, Próxima A Centros Educativos, Supermercados Y Transporte Público","Av. Santiago Rivas 1410, Montevideo, Buceo, Montevideo",35000,$,3,1,75,https://http2.mlstatic.com/D_NQ_NP_2X_807787-MLU93930034176_102025-E.webp,MercadoLibre
Alquiler Apartamento De 1 Dormitorio En Palermo $25.000,"Maldonado 1460, Montevideo, Palermo, Montevideo",25000,$,1,1,32,https://http2.mlstatic.com/D_NQ_NP_2X_765073-MLU94696677579_102025-E.webp,MercadoLibre
Venta Monoambiente  Usd 67 Mil Contado Centro O Cordón,"Av. 18 De Julio Y, 11200 Montevideo, Departamento De Montevideo, Uruguay, Centro, Montevideo",67000,US$,1,1,24,https://http2.mlstatic.com/D_NQ_NP_2X_666947-MLU75048451451_032024-E.webp,MercadoLibre
Apartamento Muy Luminoso Y Tranquilo.,"Av. Gonzalo Ramírez 2157, Montevideo, Parque Rodó, Montevideo",30900,$,1,1,68,https://http2.mlstatic.com/D_NQ_NP_2X_835501-MLU95746871734_102025-E.webp,MercadoLibre
Alquiler Oficina Ciudad Vieja. Excelente Ubicación. Edificio Gorfi (gastos Comunes Incluidos!),"Juan Carlos Gómez 1492, Montevideo, Ciudad Vieja, Montevideo",8000,$,N/A,1,12,https://http2.mlstatic.com/D_NQ_NP_2X_984880-MLU91610736439_092025-E.webp,MercadoLibre
Gran Local En Alquiler Próximo A Pando,"Pando, Canelones",1950,US$,N/A,2,914,https://http2.mlstatic.com/D_NQ_NP_2X_735845-MLU92682720108_092025-E.webp,MercadoLibre
Apto Dos Dorm Barrio Atahualpa,"Av. Millán 3557, Montevideo, Atahualpa, Montevideo",25000,$,2,1,60,https://http2.mlstatic.com/D_NQ_NP_2X_696218-MLU91127394209_082025-E.webp,MercadoLibre
Alquiler A Estrenar En Cordón,"Canelones 1868, Montevideo, Cordón, Montevideo",28000,$,1,1,53,https://http2.mlstatic.com/D_NQ_NP_2X_779991-MLU94956577921_102025-E.webp,MercadoLibre
Alquiler Casa Por Día En Durazno,"Camino H.Andrade SN, Durazno",6000,$,2,1,75,https://http2.mlstatic.com/D_NQ_NP_2X_669885-MLU85524070293_062025-E.webp,MercadoLibre
Alquiler De Consultorios U Oficinas A Estrenar En Cordón Sur,"Pablo De María 1334, Cordón, Montevideo",250,$,N/A,1,60,https://http2.mlstatic.com/D_NQ_NP_2X_795544-MLU73000907847_112023-E.webp,MercadoLibre
Apartamento En Punta Del Este,"Mansa, Playa Mansa, Punta Del Este, Maldonado",650,US$,1,1,38,https://http2.mlstatic.com/D_NQ_NP_2X_923182-MLU94797743466_102025-E.webp,MercadoLibre
Residencia Pension Hombres Mujeres Impecable Estado Reco,"Carlos Reyles 1831, Aguada, Montevideo",5500,$,N/A,3,300,https://http2.mlstatic.com/D_NQ_NP_2X_763563-MLU46505632386_062021-E.webp,MercadoLibre
"A Media Cuadra De Montevideo Shopping, Al Frente, Luminoso, Vista Despejada","Blvr. 26 De Marzo 1300, Montevideo, Pocitos, Montevideo",29000,$,1,1,40,https://http2.mlstatic.com/D_NQ_NP_2X_655013-MLU93853054602_102025-E.webp,MercadoLibre
"Gran Oportunidad Para Depósito De Mercadería O Uso Diverso Próximo A Gran Zona Comercial. Cuenta Con 4 Hambientes Que Pueden Ser Usados Para Oficinas, 3 Baños Y Un Vestuario. Gran Ambiente Y Entrpiso","Inca 1994, Montevideo, Jacinto Vera, Montevideo",95000,$,N/A,3,550,https://http2.mlstatic.com/D_NQ_NP_2X_766408-MLU94481083559_102025-E.webp,MercadoLibre
Hermosa Casa Cómoda En Playa Hermosa,"4 2584, 20200 Playa Hermosa, Departamento De Maldonado, Uruguay, Piriápolis, Maldonado",100,US$,2,2,250,https://http2.mlstatic.com/D_NQ_NP_2X_825355-MLU93804937616_102025-E.webp,MercadoLibre
Como Se Ve En Fotos Con Todas Las Comodidades Máximo 5 Personas,"Gral. Rondeau 740, 20200 Piriápolis, Departamento De Maldonado, Uruguay, Piriápolis, Maldonado",2600,$,1,1,65,https://http2.mlstatic.com/D_NQ_NP_2X_866658-MLU93498500720_102025-E.webp,MercadoLibre
Alquilo Hermoso Apartamento En Tres Cruces 3 Dorm 2 Baños,"Pdte. Berro, Montevideo, Tres Cruces, Montevideo",34900,$,3,2,70,https://http2.mlstatic.com/D_NQ_NP_2X_616915-MLU93941029996_102025-E.webp,MercadoLibre
Apartamento En Punto Cèntrico A 30m De La Playa,"Gregorio Sanabria 917, Piriápolis, Piriápolis, Maldonado",90,US$,1,1,45,https://http2.mlstatic.com/D_NQ_NP_2X_813489-MLU93650735616_102025-E.webp,MercadoLibre
Apartamento En Cordon Sur. En Paullier Y Chana Un Dormitorio. Kitchinette Y Baño. Acepta Mascota.- Anda O Porto Seguro.,"Juan Paullier 1325, Montevideo, Cordón, Montevideo",15000,$,1,1,37,https://http2.mlstatic.com/D_NQ_NP_2X_615204-MLU94371678809_102025-E.webp,MercadoLibre
Adm. Macek Apto.  2 Dorm. Planta Baja,"Benito Riquet 1132, Montevideo, La Teja, Montevideo",15900,$,2,1,38,https://http2.mlstatic.com/D_NQ_NP_2X_650818-MLU82104228959_012025-E.webp,MercadoLibre
Casa En Alquiler Con Garage 2 Dormitorios Y Terraza Con Parrillero,"Odense, Montevideo, Villa Española, Montevideo",21000,$,2,1,60,https://http2.mlstatic.com/D_NQ_NP_2X_778404-MLU96713672981_102025-E.webp,MercadoLibre
"Apartamento Planta Baja Interior , Luminoso , Patio, Reciclado , Contrato X Años, Acepta Anda Cgn Y Porto, Coordinamos Telefónicamente","Dr. Salvador Ferrer Serra 2130, Montevideo, Cordón, Montevideo",23000,$,2,1,50,https://http2.mlstatic.com/D_NQ_NP_2X_618669-MLU94520307254_102025-E.webp,MercadoLibre
Alquiler Local Comercial En 18 De  Jullio,"4R2H+3H6, Av. 18 De Julio 2045, 11200 Montevideo, Departamento De Montevideo, Uruguay, Cordón, Montevideo",14000,$,N/A,1,22,https://http2.mlstatic.com/D_NQ_NP_2X_722987-MLU92438088027_092025-E.webp,MercadoLibre
Apto Un Dormitorio Planta Baja Con Estufa A Leña,"Comercio 2214, Montevideo, Unión, Montevideo",16000,$,1,1,45,https://http2.mlstatic.com/D_NQ_NP_2X_668678-MLU95232508065_102025-E.webp,MercadoLibre
Residencia Estudiantil Constituyente Y Tacuarembo,"Constituyente 1572, Cordón, Montevideo",6700,$,N/A,N/A,300,https://http2.mlstatic.com/D_NQ_NP_2X_746405-MLU20860548282_082016-E.webp,MercadoLibre
Hogar Casa Habitacion Estudiantil En Paysandu,"Doctor Felipone 11111, Paysandú",8400,$,3,2,N/A,https://http2.mlstatic.com/D_NQ_NP_2X_731225-MLU25406342587_032017-E.webp,MercadoLibre
Residencia Estudiantil,"Paysandú 1722, Montevideo, Cordón, Montevideo",9500,$,N/A,3,100,https://http2.mlstatic.com/D_NQ_NP_2X_836718-MLU82937770376_032025-E.webp,MercadoLibre
Inmobiliaria Alquila - Casas De 2 Dormitorios A Estrenar.,"Tacuarembó 588, 80000 San José De Mayo, Departamento De San José, Uruguay, San José, San José De Mayo",25000,$,2,1,100,https://http2.mlstatic.com/D_NQ_NP_2X_722434-MLU91315459187_082025-E.webp,MercadoLibre
Dueño Alquila Apartamento Pb Interno Con Patio Muy Iluminado. 1 Dormitorio Muy Amplio,"Juan D. Jackson 1415, Montevideo, Cordón, Montevideo",23000,$,1,1,43,https://http2.mlstatic.com/D_NQ_NP_2X_716379-MLU94930542878_102025-E.webp,MercadoLibre
"18 De Julio, Esq. Requena. Monoambiente, Sólo Para Consultorio U Oficina, No Vivienda, Luminoso, 40 M Al Frente Con Divisiones C  A/a. Calefacción Individual.","Av. 18 De Julio, Montevideo, Cordón, Montevideo",18000,$,1,1,40,https://http2.mlstatic.com/D_NQ_NP_2X_717755-MLU91605712671_092025-E.webp,MercadoLibre
Alquiler Apartamento Torres Nuevo Centro Dos Dormitorios Shopping Nuevo Posibilidad Amueblado Centro,"Av. Luis Alberto De Herrera Esquina, 11600 Montevideo, Departamento De Montevideo, Uruguay, Jacinto Vera, Montevideo",35000,$,2,1,60,https://http2.mlstatic.com/D_NQ_NP_2X_966727-MLU91654815572_092025-E.webp,MercadoLibre
Apto 1 Dorm. Muy Buen Estado C/ Luz Natural En Todos Los Ambientes,"Dr José Luis Bado 3171, Montevideo, Villa Dolores, Montevideo",19900,$,1,1,45,https://http2.mlstatic.com/D_NQ_NP_2X_926792-MLU94350046882_102025-E.webp,MercadoLibre
Residencia Estudiantil Mixta !!! Fernández Crespo Y Uruguay,"AVDA.FERNANDEZ CRESPO 1713 1713, Cordón, Montevideo",7400,$,N/A,N/A,600,https://http2.mlstatic.com/D_NQ_NP_2X_18980-MLU20164186371_092014-E.webp,MercadoLibre
"Alquiler 2 Dorm, Ciudad De La Paz I Terraza Y Garage Opc.","Italia 495, La Paz, Canelones",21500,$,2,1,62,https://http2.mlstatic.com/D_NQ_NP_2X_969762-MLU79903629337_102024-E.webp,MercadoLibre
Residencia Estudiantil 099108561,"Tacuarembo 1515, Centro, Montevideo",7400,$,N/A,3,180,https://http2.mlstatic.com/D_NQ_NP_2X_870697-MLU44798900202_022021-E.webp,MercadoLibre
Dueño Alquila Amplio Monoambiente En Punta Carretas,"Obligado 860, Montevideo, Punta Carretas, Montevideo",26000,$,1,1,45,https://http2.mlstatic.com/D_NQ_NP_2X_808330-MLU85755542817_062025-E.webp,MercadoLibre
"Habitación Premium En Pocitos, Cama Doble, Tv En Apartamento Moderno","Bv. España 2821, 11300 Montevideo, Departamento De Montevideo, Uruguay, Pocitos, Montevideo",22000,$,N/A,2,22,https://http2.mlstatic.com/D_NQ_NP_2X_649618-MLU94813734992_102025-E.webp,MercadoLibre
"Alquiler De Oficinas Y Consultorios- 18 De Julio, Centro De Montevideo","Wilson Ferreira Aldunate 1342, Centro, Montevideo",230,$,N/A,3,150,https://http2.mlstatic.com/D_NQ_NP_2X_885035-MLU79413490590_092024-E.webp,MercadoLibre
"Habitaciones Inidividuales En Centro Y En El Parque Rodo, Son Dos Casas De 8 Personas Cada Una Muy Buen Ambiente","Colonia & Minas, Montevideo Departamento De Montevideo, Uruguay, Centro, Montevideo",10000,$,N/A,2,15,https://http2.mlstatic.com/D_NQ_NP_2X_925924-MLU50196476066_062022-E.webp,MercadoLibre
"Habitaciones Inidividuales En Centro Y En El Parque Rodo, Son Dos Casas De 8 Personas Cada Una Muy Buen Ambiente","Colonia & Minas, Montevideo Departamento De Montevideo, Uruguay, Centro, Montevideo",10000,$,N/A,2,15,https://http2.mlstatic.com/D_NQ_NP_2X_925924-MLU50196476066_062022-E.webp,MercadoLibre
Inmobiliaria Alquila - Casa A Estrenar - 2 Dormitorios Con Cochera,"Tacuarembó 588, 80000 San José De Mayo, Departamento De San José, Uruguay, San José, San José De Mayo",25000,$,2,1,100,https://http2.mlstatic.com/D_NQ_NP_2X_739068-MLU90920918968_082025-E.webp,MercadoLibre
Apartamento Dos Dormitorios Centro,"Avenida 18 De Julio 2102, Dr. Joaquín Requena Esq, 11200 Montevideo, Departamento De Montevideo, Uruguay, Cordón, Montevideo",31000,$,2,1,80,https://http2.mlstatic.com/D_NQ_NP_2X_610691-MLU94772561188_102025-E.webp,MercadoLibre
"Dueño Alquila, Impecable, Luninoso, Bajos Gastos Comunes, Inmobiliaras Abstenerse","Juan De Dios Peza, Montevideo, Unión, Montevideo",17500,$,1,1,48,https://http2.mlstatic.com/D_NQ_NP_2X_658221-MLU94380843537_102025-E.webp,MercadoLibre
Alquiler Y Venta De Contenedor 20 Pies Hc Modificado A Oficina,"Ruta 8 Vieja 42, 15600 Empalme Olmos, Departamento De Canelones, Uruguay, Piedra Del Toro, Canelones",280,US$,N/A,N/A,15,https://http2.mlstatic.com/D_NQ_NP_2X_820695-MLU83042461558_032025-E.webp,MercadoLibre
Local Con Baño En 21 De Setiembre Y Sarmiento  Ideal Oficin,"21 De Seriembre 2522, Pocitos, Montevideo",26500,$,N/A,1,25,https://http2.mlstatic.com/D_NQ_NP_2X_872222-MLU91737995526_092025-E.webp,MercadoLibre
Alquiler Y Venta De Contenedor 20 Pies Hc Modificado A Vestuario (sin Revestir),"Ruta 8 Vieja 42, 15600 Empalme Olmos, Departamento De Canelones, Uruguay, Piedra Del Toro, Canelones",366,US$,N/A,N/A,15,https://http2.mlstatic.com/D_NQ_NP_2X_974220-MLU83018356348_032025-E.webp,MercadoLibre
"Alquiler De Garage Cochera Lugar Fijo Mensual, 18 De Julio Esq. Juan Paullier, Cordon, Tres Cruces, Obelisco","Av. 18 De Julio 2161, Cordón, Montevideo",4200,$,N/A,N/A,800,https://http2.mlstatic.com/D_NQ_NP_2X_690959-MLU28163587012_092018-E.webp,MercadoLibre
Se Alquila Monoambiente En Paso Molino.............a Una Cuadra Y Media De Agraciada Y A Tres Cuadras Del Prado......... Zona Muy Tranquila.........sin Gastos Comunes.......... Se Aceptan Mascotas,"Sta. Lucía 4132, Montevideo, Paso Molino, Montevideo",13000,$,1,1,24,https://http2.mlstatic.com/D_NQ_NP_2X_985361-MLU96056925937_102025-E.webp,MercadoLibre
Monoambiente En Alquiler Tres Cruces // Cordón,"Montevideo, Tres Cruces",18000,$,1,1,28,https://http2.mlstatic.com/D_NQ_NP_2X_766639-MLU94238386062_102025-E.webp,MercadoLibre
¡¡muy Luminoso- Galicia Y Minas- Sin Gastos Comunes!!,"Galicia 1528, Montevideo, Cordón, Montevideo",20000,$,2,1,44,https://http2.mlstatic.com/D_NQ_NP_2X_612434-MLU95703373429_102025-E.webp,MercadoLibre
"Alquilo Chacra 5,6 H Con Acceso Directo A Ruta 39 Zona Marelli","Mariano Soler 993, Canteras De Marelli, Maldonado",1200,US$,N/A,N/A,N/A,https://http2.mlstatic.com/D_NQ_NP_2X_845791-MLU69737019443_052023-E.webp,MercadoLibre
Alquilo Habitación   $ 9.000,"ARENAL GRANDE Y RODÓ  1336, Cordón, Montevideo",10000,$,N/A,4,300,https://http2.mlstatic.com/D_NQ_NP_2X_627581-MLU47194043296_082021-E.webp,MercadoLibre
Excelente Monoambiente Con Cocina Y Baño Separado Frente A Rambla Baltasar Brum,"Hermanos Gil 815, Montevideo, Capurro, Montevideo",14500,$,1,1,35,https://http2.mlstatic.com/D_NQ_NP_2X_823321-MLU83502407089_042025-E.webp,MercadoLibre
Alquiler Habitaciones Individuales En Casa De 8 Personas Pension Residencia Casa Familia,"Bulevar General Artigas 828, Montevideo Departamento De Montevideo, Uruguay, Parque Rodó, Montevideo",11000,$,8,2,20,https://http2.mlstatic.com/D_NQ_NP_2X_989557-MLU49713866960_042022-E.webp,MercadoLibre
Residencia Estudiantil 18 De Julio Y Pablo Demaria 094502728,"18 De Julio Esquina Pablo De Maria SN, Cordón, Montevideo",7300,$,N/A,3,100,https://http2.mlstatic.com/D_NQ_NP_2X_736564-MLU75235956642_032024-E.webp,MercadoLibre
Residencia Estudiantil Zona Centro,"Montevideo, Centro",8500,$,N/A,2,140,https://http2.mlstatic.com/D_NQ_NP_2X_745251-MLU81904327362_012025-E.webp,MercadoLibre
Apto Al Frente,"Larravide 3030, 12000 Montevideo, Departamento De Montevideo, Uruguay, Unión, Montevideo",11900,$,1,1,50,https://http2.mlstatic.com/D_NQ_NP_2X_930435-MLU85767048105_062025-E.webp,MercadoLibre
Habitación Se Alquila,"Martin García 2373, Tres Cruces, Montevideo",8000,$,N/A,4,40,https://http2.mlstatic.com/D_NQ_NP_2X_900618-MLU85783383648_062025-E.webp,MercadoLibre
"Alquiler Habitaciones Pareja Centro, Cordon, Facultad Derecho, Intendencia Montevideo","Colonia & Carlos Roxlo, Montevideo Departamento De Montevideo, Uruguay, Centro, Montevideo",13000,$,N/A,3,12,https://http2.mlstatic.com/D_NQ_NP_2X_613802-MLU74930196387_032024-E.webp,MercadoLibre
Alquiler Apartamento Dos Dormitorios En Jadines Del Hipodromo,"Alsacia 3756, Montevideo, Jardines Hipódromo, Montevideo",18000,$,2,1,70,https://http2.mlstatic.com/D_NQ_NP_2X_657633-MLU94805866514_102025-E.webp,MercadoLibre
"Garantia Solo Seguros !!!....mascotas : Solo Gatos... Guana Y Blanes , 1 Dormitorio , Patio, Living Comedor  Cocina, Baño Completo , Muy Comodo, Muy Tranquilo,","Guaná 2011, Montevideo, Cordón, Montevideo",19000,$,1,1,40,https://http2.mlstatic.com/D_NQ_NP_2X_627137-MLU87657178105_072025-E.webp,MercadoLibre
"Residencia Pension Hostel Pieza Cuarto Alojamiento Habitación Individual 9 Mil Pesos, C/baño Privado 10 Mil Pareja 12 & 14 Mil Monoambiente Cocina Y Baño 15 Mil","Av. General San Martin 2657, Reducto, Montevideo",9000,$,1,6,900,https://http2.mlstatic.com/D_NQ_NP_2X_750925-MLU25517841479_042017-E.webp,MercadoLibre
"Residencia , Alojamiento , Cuartos , Habitaciones , Parque Rodo,estudiantes, Coliving, Excelente Ubicacion , Todas Las Facultades Cerca , Oportunidad , Vacantes Limitadas , Lugar Unico","Bv. España 2293, 11200 Montevideo, Departamento De Montevideo, Uruguay, Parque Rodó, Montevideo",10000,$,N/A,7,300,https://http2.mlstatic.com/D_NQ_NP_2X_995969-MLU82529802886_032025-E.webp,MercadoLibre
"A 2 De Anador, 4 De Rivera Y 6 De Mdeo. Shopping. Interesante! Tipo Casita En 3 Niveles, Sin G Comunes!!!","Francisco Anzani 1600, 11600 Montevideo, Departamento De Montevideo, Uruguay, Buceo, Montevideo",35000,$,3,2,60,https://http2.mlstatic.com/D_NQ_NP_2X_956568-MLU95520879920_102025-E.webp,MercadoLibre
Avenida 18 De Julio Esquina Minas Cómodo Apartamento Cerca De Todo,"Avenida 18 De Julio & Minas, Cordón, Montevideo",16000,$,1,1,26,https://http2.mlstatic.com/D_NQ_NP_2X_892336-MLU87016916920_072025-E.webp,MercadoLibre
Se Alquila Hermosa Habitación Individual En Cordón,"Montevideo, Cordón",18000,$,N/A,2,12,https://http2.mlstatic.com/D_NQ_NP_2X_607493-MLU80889753683_112024-E.webp,MercadoLibre
"1 Dormitorios, Con Patio, 2 De Cno. Maldonado","Areguati 0000, Maroñas, Curva, Montevideo",14500,$,1,1,65,https://http2.mlstatic.com/D_NQ_NP_2X_670397-MLU93606807506_102025-E.webp,MercadoLibre
"Apartamento En Alquiler Pocitos  , Pocitos Nuevo 2 Dormitorios Próximo A Wtc Y Montevideo Shopping","Montevideo, Pocitos",31500,$,2,1,65,https://http2.mlstatic.com/D_NQ_NP_2X_934943-MLU90644514787_082025-E.webp,MercadoLibre
Apartamento En Alquiler En Centro Con Vista Destacada,"Andes 1365, Centro, Montevideo",14000,$,N/A,1,34,https://http2.mlstatic.com/D_NQ_NP_2X_891951-MLU83011018583_032025-E.webp,MercadoLibre
Adm. Macek Apto. Al Frente Luminoso 2 Dorm.,"Pedro Campbell 1442, Montevideo, Parque Batlle, Montevideo",30000,$,2,1,60,https://http2.mlstatic.com/D_NQ_NP_2X_974081-MLU83737543012_042025-E.webp,MercadoLibre
A Estrenar!!! Hermosa Residencia Estudiantil. Excelente Ubicacion!!,"Andes 1334, Montevideo, Centro, Montevideo",10000,$,N/A,3,400,https://http2.mlstatic.com/D_NQ_NP_2X_734706-MLU83566973405_042025-E.webp,MercadoLibre
Habitacion Individual Residencia Pensión Alojamiento Para Chicas Que Estudian O Trabajan Montevideo,"Lima Y Justicia SN, Tres Cruces, Montevideo",12000,$,N/A,3,100,https://http2.mlstatic.com/D_NQ_NP_2X_897752-MLU42677648923_072020-E.webp,MercadoLibre
Apartamento En Alquiler  Palermo / Parque Rodo 1 Dormitorio,"Montevideo, Palermo",23000,$,1,N/A,40,https://http2.mlstatic.com/D_NQ_NP_2X_652769-MLU93822949607_092025-E.webp,MercadoLibre
Apartamento En Alquiler Planta Baja Mas Subsuelo Con 1 Dormitorio Parque Rodo // Cordón,"Montevideo, Parque Rodó",26000,$,1,1,40,https://http2.mlstatic.com/D_NQ_NP_2X_696418-MLU94354271769_102025-E.webp,MercadoLibre
Alquiler Apartamento Buceo - 1 Dormitorio Amplio Y Muy Soleado.- Jose Btalle Y Ordoñez Y Neyra,"Bv. José Batlle Y Ordóñez 2142, 11400 Montevideo, Departamento De Montevideo, Uruguay, Buceo, Montevideo",21900,$,1,1,45,https://http2.mlstatic.com/D_NQ_NP_2X_943088-MLU85009109112_052025-E.webp,MercadoLibre
Apartamento En Alquiler Tres Cruces La Comercial  1 Dormitorio Mas Escritorio O Segundo Dormitorio,"Montevideo, La Comercial",22000,$,1,1,45,https://http2.mlstatic.com/D_NQ_NP_2X_928000-MLU94455680679_102025-E.webp,MercadoLibre
Apartamento Tipo Casa Barrio Peñarol 1 Dormitorio/parrillero,"Aparicio Saravia 5020, Peñarol, Montevideo",12500,$,1,1,40,https://http2.mlstatic.com/D_NQ_NP_2X_867634-MLU84908256716_052025-E.webp,MercadoLibre
"Alquiler De Habitacion Individual. Residencia Para Estudiantes Y Trabajadores. Centro Smart Coliving. Vive Donde Todo Sucede! Un Lugar Moderno, Elegante, Inteligente. Veni A Descubrir Tu Nuevo Hogar!","Av. Uruguay 807, Montevideo, Centro, Montevideo",16000,$,N/A,10,1,https://http2.mlstatic.com/D_NQ_NP_2X_669459-MLU91598917257_092025-E.webp,MercadoLibre
Residencia Estudiantil / Coliving,"Andes 1268, Centro, Montevideo",8000,$,N/A,5,360,https://http2.mlstatic.com/D_NQ_NP_2X_839392-MLU41966706581_052020-E.webp,MercadoLibre
Habitaciones Compartidas. Alquileres. Residencia Estudiantes,"Andes 1268, Centro, Montevideo",8000,$,N/A,5,370,https://http2.mlstatic.com/D_NQ_NP_2X_872274-MLU72916366279_112023-E.webp,MercadoLibre
Bulevar España Esq. Tomás Diago,"Bv. España 2858, Montevideo, Pocitos, Montevideo",50000,$,2,1,65,https://http2.mlstatic.com/D_NQ_NP_2X_771343-MLU95381238926_102025-E.webp,MercadoLibre
Apartamento Excelente Ubicación Con Garaje Opcional De  1 Dormitorio  Con Ascensor Muy Buen Estado..,"Atlántida, Canelones",20000,$,1,1,60,https://http2.mlstatic.com/D_NQ_NP_2X_679476-MLU87390068184_072025-E.webp,MercadoLibre
Apartamento En Alquiler Planta Baja Mas Subsuelo Con 1  Dormitorio Cordón // Parque Rodo,"Montevideo, Cordón",26000,$,1,1,40,https://http2.mlstatic.com/D_NQ_NP_2X_689746-MLU93928590542_102025-E.webp,MercadoLibre
"Impecable,  1 Cuadra De Playa !! B Blanco Y Av Brasil --4to Piso, 1 Dormitorio,    Cocina Definida Al Frente,  Living Comedor  Al Frente,  Baño Completo Tza C/ Inst Lavarropa, Si Mascotas","Blvr. Juan Benito Blanco 933, Montevideo, Pocitos, Montevideo",28500,$,1,1,40,https://http2.mlstatic.com/D_NQ_NP_2X_665258-MLU93412711274_092025-E.webp,MercadoLibre
Casa Ideal Dos Familias,"Montecarlo 9, 20200 Piriápolis, Departamento De Maldonado, Uruguay, Piriápolis, Maldonado",200,US$,3,2,132,https://http2.mlstatic.com/D_NQ_NP_2X_808570-MLU83421665612_042025-E.webp,MercadoLibre
"Alquiler, Apartamento 1 Dormitorio, Estrena, Con Amenities, Próximo A Shopping Y Terminal Tres Cruces .","Gral. Urquiza 2638, Montevideo, Tres Cruces, Montevideo",27000,$,1,1,42,https://http2.mlstatic.com/D_NQ_NP_2X_942798-MLU96262130072_102025-E.webp,MercadoLibre
"Casa  Sin Gastos Comunes   !!!!!  Casa 450 M2, Mts Pùerto Buceo, Meliton 4 Dorm 3 Baños L/ Comedor C/ E. Leña Cocina, Subsuelo De 150 M2 Con Gge X 2/baño, F0ndo C/ Verde Y Parrillero, Horno De Pan   ,","Meliton Gonzalez 1165, Montevideo, Puerto Buceo, Montevideo",78000,$,4,3,450,https://http2.mlstatic.com/D_NQ_NP_2X_977579-MLU85130110037_052025-E.webp,MercadoLibre
